label	parent class	datatype	requirement	description	examples	guidance	Ontology ID	source	data status	min value	max value	capitalize
NMDC slots												
id	NMDC slots	xs:token	required	A unique identifier for a thing. Must be either a CURIE shorthand for a URI or a complete URI								
identifier	NMDC slots	xs:token	required	 								
name	NMDC slots	xs:token	required	A human readable label for an entity								
ncbi_taxonomy_name	NMDC slots	xs:token	required	 								
env_package	NMDC slots	xs:token	required	MIxS extension for reporting of measurements and observations obtained from one or more of the environments where the sample was obtained. All environmental packages listed here are further defined in separate subtables. By giving the name of the environmental package, a selection of fields can be made from the subtables and can be reported	soil	Expected value: enumeration. Position: 13.0						
samp_mat_process	NMDC slots	xs:token	required	A brief description of any processing applied to the sample during or after retrieving the sample from environment, or a link to the relevant protocol(s) performed.	filtering of seawater, storing samples in ethanol	Expected value: text. Position: 32.0						
ecosystem	NMDC slots	xs:token	required	TODO								
ecosystem_category	NMDC slots	xs:token	required	TODO								
ecosystem_type	NMDC slots	xs:token	required	TODO								
ecosystem_subtype	NMDC slots	xs:token	required	TODO								
specific_ecosystem	NMDC slots	xs:token	required	TODO								
Study IDs	NMDC slots	xs:token	recommended	|-seperated list of NMDC study identifiers								
environment field												
core field												
alt	environment field	xs:token		Altitude is a term used to identify heights of objects such as airplanes, space shuttles, rockets, atmospheric balloons and heights of places such as atmospheric layers and clouds. It is used to measure the height of an object which is above the earth's surface. In this context, the altitude measurement is the vertical distance between the earth's surface above sea level and the sampled position in the air	100 meter	Expected value: measurement value. This field is used in: 3 packages: air, host-associated, miscellaneous natural or artificial environment	MIXS:0000094					
barometric_press	core field	xs:token		Force per unit area exerted against a surface by the weight of air above that surface	5 millibar	Expected value: measurement value. Preferred unit: millibar. Occurrence: 1. Position: 1.0. This field is used uniquely in: air	MIXS:0000096					
carb_dioxide	core field	xs:token		Carbon dioxide (gas) amount or concentration at the time of sampling	410 parts per million	Expected value: measurement value. Preferred unit: micromole per liter, parts per million. Occurrence: 1. Position: 1.0. This field is used in: 2 packages: air, built environment	MIXS:0000097					
carb_monoxide	core field	xs:token		Carbon monoxide (gas) amount or concentration at the time of sampling	0.1 parts per million	Expected value: measurement value. Preferred unit: micromole per liter, parts per million. Occurrence: 1. Position: 1.0. This field is used uniquely in: air	MIXS:0000098					
chem_administration	core field	xs:token		List of chemical compounds administered to the host or site where sampling occurred, and when (e.g. Antibiotics, n fertilizer, air filter); can include multiple compounds. For chemical entities of biological interest ontology (chebi) (v 163), http://purl.bioontology.org/ontology/chebi	agar [CHEBI:2509];2018-05-11T20:00Z	Expected value: CHEBI;timestamp. Occurrence: m. Position: 1.0. This field is used in: 13 packages: air, host-associated, human-associated, human-gut, human-oral, human-skin, human-vaginal, microbial mat_biofilm, miscellaneous natural or artificial environment, plant-associated, sediment, wastewater_sludge, water	MIXS:0000751					
collection_date	environment field	xs:date	required	The time of sampling, either as an instance (single point in time) or interval. In case no exact time is available, the date/time can be right truncated i.e. all of these are valid times: 2008-01-23T19:23:10+00:00; 2008-01-23T19:23:10; 2008-01-23; 2008-01; 2008; Except: 2008-01; 2008 all are ISO8601 compliant	2018-05-11T10:00:00+01:00; 2018-05-11	Expected value: date and time. Position: 9.0	MIXS:0000011					
depth	environment field	xs:token	required	The vertical distance below local surface, e.g. for sediment or soil samples depth is measured from sediment or soil surface, respectively. Depth can be reported as an interval for subsurface samples.	10 meter	Expected value: measurement value. Position: 6.0. This field is used in: 8 packages: host-associated, microbial mat_biofilm, miscellaneous natural or artificial environment, plant-associated, sediment, soil, wastewater_sludge, water	MIXS:0000018					
elev	environment field	xs:token	required	Elevation of the sampling site is its height above a fixed reference point, most commonly the mean sea level. Elevation is mainly used when referring to points on the earth's surface, while altitude is used for points above the surface, such as an aircraft in flight or a spacecraft in orbit.	100 meter	Expected value: measurement value. Position: 7.0. This field is used in: 9 packages: air, host-associated, hydrocarbon resources-cores, microbial mat_biofilm, miscellaneous natural or artificial environment, plant-associated, sediment, soil, water	MIXS:0000093					
env_broad_scale	environment field	xs:token	required	Report the major environmental system the sample or specimen came from. The system(s) identified should have a coarse spatial grain, to provide the general environmental context of where the sampling was done (e.g. in the desert or a rainforest). We recommend using subclasses of EnvOs biome class:  http://purl.obolibrary.org/obo/ENVO_00000428. EnvO documentation about how to use the field: https://github.com/EnvironmentOntology/envo/wiki/Using-ENVO-with-MIxS	oceanic epipelagic zone biome [ENVO:01000033] for annotating a water sample from the photic zone in middle of the Atlantic Ocean	Expected value: The major environment type(s) where the sample was collected. Recommend subclasses of biome [ENVO:00000428]. Multiple terms can be separated by one or more pipes.. Position: 10.0	MIXS:0000012					
env_local_scale	environment field	xs:token	required	Report the entity or entities which are in the sample or specimens local vicinity and which you believe have significant causal influences on your sample or specimen. We recommend using EnvO terms which are of smaller spatial grain than your entry for env_broad_scale. Terms, such as anatomical sites, from other OBO Library ontologies which interoperate with EnvO (e.g. UBERON) are accepted in this field. EnvO documentation about how to use the field: https://github.com/EnvironmentOntology/envo/wiki/Using-ENVO-with-MIxS	litter layer [ENVO:01000338]; Annotating a pooled sample taken from various vegetation layers in a forest consider: canopy [ENVO:00000047]|herb and fern layer [ENVO:01000337]|litter layer [ENVO:01000338]|understory [01000335]|shrub layer [ENVO:01000336].	Expected value: Environmental entities having causal influences upon the entity at time of sampling.. Position: 11.0	MIXS:0000013					
env_medium	environment field	xs:token	required	Report the environmental material(s) immediately surrounding the sample or specimen at the time of sampling. We recommend using subclasses of 'environmental material' (http://purl.obolibrary.org/obo/ENVO_00010483). EnvO documentation about how to use the field: https://github.com/EnvironmentOntology/envo/wiki/Using-ENVO-with-MIxS . Terms from other OBO ontologies are permissible as long as they reference mass/volume nouns (e.g. air, water, blood) and not discrete, countable entities (e.g. a tree, a leaf, a table top).	soil [ENVO:00001998]; Annotating a fish swimming in the upper 100 m of the Atlantic Ocean, consider: ocean water [ENVO:00002151]. Example: Annotating a duck on a pond consider: pond water [ENVO:00002228]|air [ENVO_00002005]	Expected value: The material displaced by the entity at time of sampling. Recommend subclasses of environmental material [ENVO:00010483].. Position: 12.0	MIXS:0000014					
geo_loc_name	environment field	xs:token	required	The geographical origin of the sample as defined by the country or sea name followed by specific region name. Country or sea names should be chosen from the INSDC country list (http://insdc.org/country.html), or the GAZ ontology (http://purl.bioontology.org/ontology/GAZ)	USA: Maryland, Bethesda	Expected value: country or sea name (INSDC or GAZ): region(GAZ), specific location name. Position: 8.0	MIXS:0000010					
humidity	core field	xs:token		Amount of water vapour in the air, at the time of sampling	25 gram per cubic meter	Expected value: measurement value. Preferred unit: gram per cubic meter. Occurrence: 1. Position: 1.0. This field is used uniquely in: air	MIXS:0000100					
lat_lon	environment field	xs:token	required	The geographical origin of the sample as defined by latitude and longitude. The values should be reported in decimal degrees and in WGS84 system	50.586825 6.408977	Expected value: decimal degrees,  limit to 8 decimal points. Position: 5.0	MIXS:0000009					
methane	core field	xs:token		Methane (gas) amount or concentration at the time of sampling	1800 parts per billion	Expected value: measurement value. Preferred unit: micromole per liter, parts per billion, parts per million. Occurrence: 1. Position: 1.0. This field is used in: 3 packages: air, microbial mat_biofilm, sediment	MIXS:0000101					
misc_param	core field	xs:token		Any other measurement performed or parameter collected, that is not listed here	Bicarbonate ion concentration;2075 micromole per kilogram	Expected value: parameter name;measurement value. Occurrence: m. Position: 1.0. This field is used in: 16 packages: air, host-associated, human-associated, human-gut, human-oral, human-skin, human-vaginal, hydrocarbon resources-cores, hydrocarbon resources-fluids_swabs, microbial mat_biofilm, miscellaneous natural or artificial environment, plant-associated, sediment, soil, wastewater_sludge, water	MIXS:0000752					
organism_count	core field	select		Total cell count of any organism (or group of organisms) per gram, volume or area of sample, should include name of organism followed by count. The method that was used for the enumeration (e.g. qPCR, atp, mpn, etc.) Should also be provided. (example: total prokaryotes; 3.5e7 cells per ml; qpcr)	total prokaryotes;3.5e7 cells per milliliter;qPCR	Expected value: organism name;measurement value;enumeration. Preferred unit: number of cells per cubic meter, number of cells per milliliter, number of cells per cubic centimeter. Occurrence: m. Position: 1.0. This field is used in: 16 packages: air, built environment, host-associated, human-associated, human-gut, human-oral, human-skin, human-vaginal, hydrocarbon resources-cores, hydrocarbon resources-fluids_swabs, microbial mat_biofilm, miscellaneous natural or artificial environment, plant-associated, sediment, wastewater_sludge, water	MIXS:0000103					
oxy_stat_samp	core field	select		Oxygenation status of sample	aerobic	Expected value: enumeration. Occurrence: 1. Position: 1.0. This field is used in: 15 packages: air, host-associated, human-associated, human-gut, human-oral, human-skin, human-vaginal, hydrocarbon resources-cores, hydrocarbon resources-fluids_swabs, microbial mat_biofilm, miscellaneous natural or artificial environment, plant-associated, sediment, wastewater_sludge, water	MIXS:0000753					
oxygen	core field	xs:token		Oxygen (gas) amount or concentration at the time of sampling	600 parts per million	Expected value: measurement value. Preferred unit: milligram per liter, parts per million. Occurrence: 1. Position: 1.0. This field is used uniquely in: air	MIXS:0000104					
perturbation	core field	xs:token		Type of perturbation, e.g. chemical administration, physical disturbance, etc., coupled with perturbation regimen including how many times the perturbation was repeated, how long each perturbation lasted, and the start and end time of the entire perturbation period; can include multiple perturbation types	antibiotic addition;R2/2018-05-11T14:30Z/2018-05-11T19:30Z/P1H30M	Expected value: perturbation type name;perturbation interval and duration. Occurrence: m. Position: 1.0. This field is used in: 13 packages: air, host-associated, human-associated, human-gut, human-oral, human-skin, human-vaginal, microbial mat_biofilm, miscellaneous natural or artificial environment, plant-associated, sediment, wastewater_sludge, water	MIXS:0000754					
pollutants	core field	xs:token		Pollutant types and, amount or concentrations measured at the time of sampling; can report multiple pollutants by entering numeric values preceded by name of pollutant	lead;0.15 microgram per cubic meter	Expected value: pollutant name;measurement value. Preferred unit: gram, mole per liter, milligram per liter, microgram per cubic meter. Occurrence: m. Position: 1.0. This field is used uniquely in: air	MIXS:0000107					
resp_part_matter	core field	xs:token		Concentration of substances that remain suspended in the air, and comprise mixtures of organic and inorganic substances (PM10 and PM2.5); can report multiple PM's by entering numeric values preceded by name of PM	PM2.5;10 microgram per cubic meter	Expected value: particulate matter name;measurement value. Preferred unit: microgram per cubic meter. Occurrence: m. Position: 1.0. This field is used uniquely in: air	MIXS:0000108					
salinity	core field	xs:token		The total concentration of all dissolved salts in a liquid or solid sample. While salinity can be measured by a complete chemical analysis, this method is difficult and time consuming. More often, it is instead derived from the conductivity measurement. This is known as practical salinity. These derivations compare the specific conductance of the sample to a salinity standard such as seawater.	25 practical salinity unit	Expected value: measurement value. Preferred unit: practical salinity unit, percentage. Occurrence: 1. Position: 1.0. This field is used in: 15 packages: air, host-associated, human-associated, human-gut, human-oral, human-skin, human-vaginal, hydrocarbon resources-cores, hydrocarbon resources-fluids_swabs, microbial mat_biofilm, miscellaneous natural or artificial environment, plant-associated, sediment, wastewater_sludge, water	MIXS:0000183					
samp_salinity	core field	xs:token		Salinity is the total concentration of all dissolved salts in a liquid or solid (in the form of an extract obtained by centrifugation) sample. While salinity can be measured by a complete chemical analysis, this method is difficult and time consuming. More often, it is instead derived from the conductivity measurement. This is known as practical salinity. These derivations compare the specific conductance of the sample to a salinity standard such as seawater	1 milligram per liter	Expected value: measurement value. Preferred unit: milligram per liter, practical salinity unit, percentage. Occurrence: 1. Position: 1.0. This field is used in: 11 packages: air, host-associated, human-associated, human-gut, human-oral, human-skin, human-vaginal, hydrocarbon resources-cores, hydrocarbon resources-fluids_swabs, plant-associated, wastewater_sludge	MIXS:0000109					
samp_store_dur	core field	xs:token		Duration for which the sample was stored	P1Y6M	Expected value: duration. Occurrence: 1. Position: 1.0. This field is used in: 15 packages: air, host-associated, human-associated, human-gut, human-oral, human-skin, human-vaginal, hydrocarbon resources-cores, hydrocarbon resources-fluids_swabs, microbial mat_biofilm, miscellaneous natural or artificial environment, plant-associated, sediment, wastewater_sludge, water	MIXS:0000116					
samp_store_loc	core field	xs:token		Location at which sample was stored, usually name of a specific freezer/room	Freezer no:5	Expected value: location name. Occurrence: 1. Position: 1.0. This field is used in: 15 packages: air, host-associated, human-associated, human-gut, human-oral, human-skin, human-vaginal, hydrocarbon resources-cores, hydrocarbon resources-fluids_swabs, microbial mat_biofilm, miscellaneous natural or artificial environment, plant-associated, sediment, wastewater_sludge, water	MIXS:0000755					
samp_store_temp	core field	xs:token	required	Temperature at which sample was stored, e.g. -80 degree Celsius	-80 degree Celsius	Expected value: measurement value. Preferred unit: degree Celsius. Occurrence: 1. Position: 1.0. This field is used in: 15 packages: air, host-associated, human-associated, human-gut, human-oral, human-skin, human-vaginal, hydrocarbon resources-cores, hydrocarbon resources-fluids_swabs, microbial mat_biofilm, miscellaneous natural or artificial environment, plant-associated, sediment, wastewater_sludge, water	MIXS:0000110					
solar_irradiance	core field	xs:token		The amount of solar energy that arrives at a specific area of a surface during a specific time interval	1.36 kilowatts per square meter per day	Expected value: measurement value. Preferred unit: kilowatts per square meter per day, ergs per square centimeter per second. Occurrence: 1. Position: 1.0. This field is used uniquely in: air	MIXS:0000112					
temp	environment field	xs:token		Temperature of the sample at the time of sampling.	25 degree Celsius	Expected value: measurement value. Preferred unit: degree Celsius. Position: 40.0. This field is used in: 15 packages: air, host-associated, human-associated, human-gut, human-oral, human-skin, human-vaginal, hydrocarbon resources-cores, hydrocarbon resources-fluids_swabs, microbial mat_biofilm, miscellaneous natural or artificial environment, plant-associated, sediment, wastewater_sludge, water	MIXS:0000113					
ventilation_rate	core field	xs:token		Ventilation rate of the system in the sampled premises	750 cubic meter per minute	Expected value: measurement value. Preferred unit: cubic meter per minute, liters per second. Occurrence: 1. Position: 1.0. This field is used uniquely in: air	MIXS:0000114					
ventilation_type	core field	xs:token		Ventilation system used in the sampled premises	Operable windows	Expected value: ventilation type name. Occurrence: 1. Position: 1.0. This field is used in: 2 packages: air, built environment	MIXS:0000756					
volatile_org_comp	core field	xs:token		Concentration of carbon-based chemicals that easily evaporate at room temperature; can report multiple volatile organic compounds by entering numeric values preceded by name of compound	formaldehyde;500 nanogram per liter	Expected value: volatile organic compound name;measurement value. Preferred unit: microgram per cubic meter, parts per million, nanogram per liter. Occurrence: m. Position: 1.0. This field is used uniquely in: air	MIXS:0000115					
wind_direction	core field	xs:token		Wind direction is the direction from which a wind originates	Northwest	Expected value: wind direction name. Occurrence: 1. Position: 1.0. This field is used uniquely in: air	MIXS:0000757					
wind_speed	core field	xs:token		Speed of wind measured at the time of sampling	21 kilometer per hour	Expected value: measurement value. Preferred unit: meter per second, kilometer per hour. Occurrence: 1. Position: 1.0. This field is used uniquely in: air	MIXS:0000118					
ATP	organism_count											
MPN	organism_count											
other	organism_count											
aerobic	oxy_stat_samp											
anaerobic	oxy_stat_samp											
other	oxy_stat_samp											
