label	parent class	datatype	requirement	description	examples	guidance	Ontology ID	source	data status	min value	max value	capitalize
NMDC slots												
id	NMDC slots	xs:token	required	A unique identifier for a thing. Must be either a CURIE shorthand for a URI or a complete URI								
identifier	NMDC slots	xs:token	required	 								
name	NMDC slots	xs:token	required	A human readable label for an entity								
ncbi_taxonomy_name	NMDC slots	xs:token	required	 								
env_package	NMDC slots	xs:token	required	MIxS extension for reporting of measurements and observations obtained from one or more of the environments where the sample was obtained. All environmental packages listed here are further defined in separate subtables. By giving the name of the environmental package, a selection of fields can be made from the subtables and can be reported	soil	Expected value: enumeration. Position: 13.0						
samp_mat_process	NMDC slots	xs:token	required	A brief description of any processing applied to the sample during or after retrieving the sample from environment, or a link to the relevant protocol(s) performed.	filtering of seawater, storing samples in ethanol	Expected value: text. Position: 32.0						
ecosystem	NMDC slots	xs:token	required	TODO								
ecosystem_category	NMDC slots	xs:token	required	TODO								
ecosystem_type	NMDC slots	xs:token	required	TODO								
ecosystem_subtype	NMDC slots	xs:token	required	TODO								
specific_ecosystem	NMDC slots	xs:token	required	TODO								
Study IDs	NMDC slots	xs:token	recommended	|-seperated list of NMDC study identifiers								
environment field												
core field												
additional_info	core field	xs:token		Information that doesn't fit anywhere else. Can also be used to propose new entries for fields with controlled vocabulary		Expected value: text. Occurrence: 1. Position: 94.0. This field is used in: 2 packages: hydrocarbon resources-cores, hydrocarbon resources-fluids_swabs	MIXS:0000300					
alkalinity	core field	xs:token		Alkalinity, the ability of a solution to neutralize acids to the equivalence point of carbonate or bicarbonate	50 milligram per liter	Expected value: measurement value. Preferred unit: milliequivalent per liter, milligram per liter. Occurrence: 1. Position: 56.0. This field is used in: 7 packages: hydrocarbon resources-cores, hydrocarbon resources-fluids_swabs, microbial mat_biofilm, miscellaneous natural or artificial environment, sediment, wastewater_sludge, water	MIXS:0000421					
alkalinity_method	core field	xs:token		Method used for alkalinity measurement	titration	Expected value: description of method. Occurrence: 1. Position: 57.0. This field is used in: 3 packages: hydrocarbon resources-cores, hydrocarbon resources-fluids_swabs, water	MIXS:0000298					
alt	environment field	xs:token		Altitude is a term used to identify heights of objects such as airplanes, space shuttles, rockets, atmospheric balloons and heights of places such as atmospheric layers and clouds. It is used to measure the height of an object which is above the earth's surface. In this context, the altitude measurement is the vertical distance between the earth's surface above sea level and the sampled position in the air	100 meter	Expected value: measurement value. This field is used in: 3 packages: air, host-associated, miscellaneous natural or artificial environment	MIXS:0000094					
ammonium	core field	xs:token		Concentration of ammonium in the sample	1.5 milligram per liter	Expected value: measurement value. Preferred unit: micromole per liter, milligram per liter, parts per million. Occurrence: 1. Position: 63.0. This field is used in: 6 packages: hydrocarbon resources-cores, hydrocarbon resources-fluids_swabs, microbial mat_biofilm, miscellaneous natural or artificial environment, sediment, water	MIXS:0000427					
api	core field	xs:token		API gravity is a measure of how heavy or light a petroleum liquid is compared to water (source: https://en.wikipedia.org/wiki/API_gravity) (e.g. 31.1 API)		Expected value: measurement value. Preferred unit: degrees API. Occurrence: 1. Position: 85.0. This field is used in: 2 packages: hydrocarbon resources-cores, hydrocarbon resources-fluids_swabs	MIXS:0000157					
aromatics_pc	core field	xs:token		Saturate, Aromatic, Resin and Asphaltene(SARA) is an analysis method that dividescrude oilcomponents according to their polarizability and polarity. There are three main methods to obtain SARA results. The most popular one is known as the Iatroscan TLC-FID and is referred to as IP-143 (source: https://en.wikipedia.org/wiki/Saturate,_aromatic,_resin_and_asphaltene)		Expected value: name;measurement value. Preferred unit: percent. Occurrence: 1. Position: 90.0. This field is used in: 2 packages: hydrocarbon resources-cores, hydrocarbon resources-fluids_swabs	MIXS:0000133					
asphaltenes_pc	core field	xs:token		Saturate, Aromatic, Resin and Asphaltene(SARA) is an analysis method that dividescrude oilcomponents according to their polarizability and polarity. There are three main methods to obtain SARA results. The most popular one is known as the Iatroscan TLC-FID and is referred to as IP-143 (source: https://en.wikipedia.org/wiki/Saturate,_aromatic,_resin_and_asphaltene)		Expected value: name;measurement value. Preferred unit: percent. Occurrence: 1. Position: 92.0. This field is used in: 2 packages: hydrocarbon resources-cores, hydrocarbon resources-fluids_swabs	MIXS:0000135					
basin	core field	xs:token		Name of the basin (e.g. Campos)		Expected value: name. Occurrence: 1. Position: 3.0. This field is used in: 2 packages: hydrocarbon resources-cores, hydrocarbon resources-fluids_swabs	MIXS:0000290					
benzene	core field	xs:token		Concentration of benzene in the sample		Expected value: measurement value. Preferred unit: milligram per liter, parts per million. Occurrence: 1. Position: 81.0. This field is used in: 2 packages: hydrocarbon resources-cores, hydrocarbon resources-fluids_swabs	MIXS:0000153					
calcium	core field	xs:token		Concentration of calcium in the sample	0.2 micromole per liter	Expected value: measurement value. Preferred unit: milligram per liter, micromole per liter, parts per million. Occurrence: 1. Position: 70.0. This field is used in: 6 packages: hydrocarbon resources-cores, hydrocarbon resources-fluids_swabs, microbial mat_biofilm, miscellaneous natural or artificial environment, sediment, water	MIXS:0000432					
chloride	core field	xs:token		Concentration of chloride in the sample	5000 milligram per liter	Expected value: measurement value. Preferred unit: milligram per liter, parts per million. Occurrence: 1. Position: 67.0. This field is used in: 6 packages: hydrocarbon resources-cores, hydrocarbon resources-fluids_swabs, microbial mat_biofilm, miscellaneous natural or artificial environment, sediment, water	MIXS:0000429					
collection_date	environment field	xs:date	required	The time of sampling, either as an instance (single point in time) or interval. In case no exact time is available, the date/time can be right truncated i.e. all of these are valid times: 2008-01-23T19:23:10+00:00; 2008-01-23T19:23:10; 2008-01-23; 2008-01; 2008; Except: 2008-01; 2008 all are ISO8601 compliant	2018-05-11T10:00:00+01:00; 2018-05-11	Expected value: date and time. Position: 9.0	MIXS:0000011					
density	core field	xs:token		Density of the sample, which is its mass per unit volume (aka volumetric mass density)	1000 kilogram per cubic meter	Expected value: measurement value. Preferred unit: gram per cubic meter, gram per cubic centimeter. Occurrence: 1. Position: 77.0. This field is used in: 5 packages: hydrocarbon resources-cores, hydrocarbon resources-fluids_swabs, miscellaneous natural or artificial environment, sediment, water	MIXS:0000435					
depos_env	core field	select		"Main depositional environment (https://en.wikipedia.org/wiki/Depositional_environment). If ""other"" is specified, please propose entry in ""additional info"" field"	Continental - Alluvial	Expected value: enumeration. Occurrence: 1. Position: 13.0. This field is used in: 2 packages: hydrocarbon resources-cores, hydrocarbon resources-fluids_swabs	MIXS:0000992					
depth	environment field	xs:token	required	The vertical distance below local surface, e.g. for sediment or soil samples depth is measured from sediment or soil surface, respectively. Depth can be reported as an interval for subsurface samples.	10 meter	Expected value: measurement value. Position: 6.0. This field is used in: 8 packages: host-associated, microbial mat_biofilm, miscellaneous natural or artificial environment, plant-associated, sediment, soil, wastewater_sludge, water	MIXS:0000018					
diss_carb_dioxide	core field	xs:token		Concentration of dissolved carbon dioxide in the sample or liquid portion of the sample	5 milligram per liter	Expected value: measurement value. Preferred unit: micromole per liter, milligram per liter. Occurrence: 1. Position: 78.0. This field is used in: 6 packages: hydrocarbon resources-cores, hydrocarbon resources-fluids_swabs, microbial mat_biofilm, miscellaneous natural or artificial environment, sediment, water	MIXS:0000436					
diss_inorg_carb	core field	xs:token		Dissolved inorganic carbon concentration in the sample, typically measured after filtering the sample using a 0.45 micrometer filter	2059 micromole per kilogram	Expected value: measurement value. Preferred unit: microgram per liter, milligram per liter, parts per million. Occurrence: 1. Position: 73.0. This field is used in: 6 packages: hydrocarbon resources-cores, hydrocarbon resources-fluids_swabs, microbial mat_biofilm, miscellaneous natural or artificial environment, sediment, water	MIXS:0000434					
diss_inorg_phosp	core field	xs:token		Concentration of dissolved inorganic phosphorus in the sample	56.5 micromole per liter	Expected value: measurement value. Preferred unit: microgram per liter, milligram per liter, parts per million. Occurrence: 1. Position: 74.0. This field is used in: 3 packages: hydrocarbon resources-cores, hydrocarbon resources-fluids_swabs, water	MIXS:0000106					
diss_iron	core field	xs:token		Concentration of dissolved iron in the sample		Expected value: measurement value. Preferred unit: milligram per liter. Occurrence: 1. Position: 65.0. This field is used in: 2 packages: hydrocarbon resources-cores, hydrocarbon resources-fluids_swabs	MIXS:0000139					
diss_org_carb	core field	xs:token		Concentration of dissolved organic carbon in the sample, liquid portion of the sample, or aqueous phase of the fluid	197 micromole per liter	Expected value: measurement value. Preferred unit: micromole per liter, milligram per liter. Occurrence: 1. Position: 72.0. This field is used in: 5 packages: hydrocarbon resources-cores, hydrocarbon resources-fluids_swabs, microbial mat_biofilm, sediment, water	MIXS:0000433					
diss_oxygen_fluid	core field	xs:token		Concentration of dissolved oxygen in the oil field produced fluids as it contributes to oxgen-corrosion and microbial activity (e.g. Mic).		Expected value: measurement value. Preferred unit: micromole per kilogram, milligram per liter. Occurrence: 1. Position: 79.0. This field is used in: 2 packages: hydrocarbon resources-cores, hydrocarbon resources-fluids_swabs	MIXS:0000438					
elev	environment field	xs:token	required	Elevation of the sampling site is its height above a fixed reference point, most commonly the mean sea level. Elevation is mainly used when referring to points on the earth's surface, while altitude is used for points above the surface, such as an aircraft in flight or a spacecraft in orbit.	100 meter	Expected value: measurement value. Position: 7.0. This field is used in: 9 packages: air, host-associated, hydrocarbon resources-cores, microbial mat_biofilm, miscellaneous natural or artificial environment, plant-associated, sediment, soil, water	MIXS:0000093					
env_broad_scale	environment field	xs:token	required	Report the major environmental system the sample or specimen came from. The system(s) identified should have a coarse spatial grain, to provide the general environmental context of where the sampling was done (e.g. in the desert or a rainforest). We recommend using subclasses of EnvOs biome class:  http://purl.obolibrary.org/obo/ENVO_00000428. EnvO documentation about how to use the field: https://github.com/EnvironmentOntology/envo/wiki/Using-ENVO-with-MIxS	oceanic epipelagic zone biome [ENVO:01000033] for annotating a water sample from the photic zone in middle of the Atlantic Ocean	Expected value: The major environment type(s) where the sample was collected. Recommend subclasses of biome [ENVO:00000428]. Multiple terms can be separated by one or more pipes.. Position: 10.0	MIXS:0000012					
env_local_scale	environment field	xs:token	required	Report the entity or entities which are in the sample or specimens local vicinity and which you believe have significant causal influences on your sample or specimen. We recommend using EnvO terms which are of smaller spatial grain than your entry for env_broad_scale. Terms, such as anatomical sites, from other OBO Library ontologies which interoperate with EnvO (e.g. UBERON) are accepted in this field. EnvO documentation about how to use the field: https://github.com/EnvironmentOntology/envo/wiki/Using-ENVO-with-MIxS	litter layer [ENVO:01000338]; Annotating a pooled sample taken from various vegetation layers in a forest consider: canopy [ENVO:00000047]|herb and fern layer [ENVO:01000337]|litter layer [ENVO:01000338]|understory [01000335]|shrub layer [ENVO:01000336].	Expected value: Environmental entities having causal influences upon the entity at time of sampling.. Position: 11.0	MIXS:0000013					
env_medium	environment field	xs:token	required	Report the environmental material(s) immediately surrounding the sample or specimen at the time of sampling. We recommend using subclasses of 'environmental material' (http://purl.obolibrary.org/obo/ENVO_00010483). EnvO documentation about how to use the field: https://github.com/EnvironmentOntology/envo/wiki/Using-ENVO-with-MIxS . Terms from other OBO ontologies are permissible as long as they reference mass/volume nouns (e.g. air, water, blood) and not discrete, countable entities (e.g. a tree, a leaf, a table top).	soil [ENVO:00001998]; Annotating a fish swimming in the upper 100 m of the Atlantic Ocean, consider: ocean water [ENVO:00002151]. Example: Annotating a duck on a pond consider: pond water [ENVO:00002228]|air [ENVO_00002005]	Expected value: The material displaced by the entity at time of sampling. Recommend subclasses of environmental material [ENVO:00010483].. Position: 12.0	MIXS:0000014					
ethylbenzene	core field	xs:token		Concentration of ethylbenzene in the sample		Expected value: measurement value. Preferred unit: milligram per liter, parts per million. Occurrence: 1. Position: 83.0. This field is used in: 2 packages: hydrocarbon resources-cores, hydrocarbon resources-fluids_swabs	MIXS:0000155					
field	core field	xs:token		Name of the hydrocarbon field (e.g. Albacora)		Expected value: name. Occurrence: 1. Position: 4.0. This field is used in: 2 packages: hydrocarbon resources-cores, hydrocarbon resources-fluids_swabs	MIXS:0000291					
geo_loc_name	environment field	xs:token	required	The geographical origin of the sample as defined by the country or sea name followed by specific region name. Country or sea names should be chosen from the INSDC country list (http://insdc.org/country.html), or the GAZ ontology (http://purl.bioontology.org/ontology/GAZ)	USA: Maryland, Bethesda	Expected value: country or sea name (INSDC or GAZ): region(GAZ), specific location name. Position: 8.0	MIXS:0000010					
hc_produced	core field	select		"Main hydrocarbon type produced from resource (i.e. Oil, gas, condensate, etc). If ""other"" is specified, please propose entry in ""additional info"" field"	Gas	Expected value: enumeration. Occurrence: 1. Position: 2.0. This field is used in: 2 packages: hydrocarbon resources-cores, hydrocarbon resources-fluids_swabs	MIXS:0000989					
hcr	core field	select		"Main Hydrocarbon Resource type. The term ""Hydrocarbon Resource"" HCR defined as a natural environmental feature containing large amounts of hydrocarbons at high concentrations potentially suitable for commercial exploitation. This term should not be confused with the Hydrocarbon Occurrence term which also includes hydrocarbon-rich environments with currently limited commercial interest such as seeps, outcrops, gas hydrates etc. If ""other"" is specified, please propose entry in ""additional info"" field"	Oil Sand	Expected value: enumeration. Occurrence: 1. Position: 1.0. This field is used in: 2 packages: hydrocarbon resources-cores, hydrocarbon resources-fluids_swabs	MIXS:0000988					
hcr_fw_salinity	core field	xs:token		Original formation water salinity (prior to secondary recovery e.g. Waterflooding) expressed as TDS		Expected value: measurement value. Preferred unit: milligram per liter. Occurrence: 1. Position: 16.0. This field is used in: 2 packages: hydrocarbon resources-cores, hydrocarbon resources-fluids_swabs	MIXS:0000406					
hcr_geol_age	core field	select		"Geological age of hydrocarbon resource (Additional info: https://en.wikipedia.org/wiki/Period_(geology)). If ""other"" is specified, please propose entry in ""additional info"" field"	Silurian	Expected value: enumeration. Occurrence: 1. Position: 14.0. This field is used in: 2 packages: hydrocarbon resources-cores, hydrocarbon resources-fluids_swabs	MIXS:0000993					
hcr_pressure	core field	xs:token		Original pressure of the hydrocarbon resource		Expected value: measurement value range. Preferred unit: atmosphere, kilopascal. Occurrence: 1. Position: 8.0. This field is used in: 2 packages: hydrocarbon resources-cores, hydrocarbon resources-fluids_swabs	MIXS:0000395					
hcr_temp	core field	xs:token		Original temperature of the hydrocarbon resource	150-295 degree Celsius	Expected value: measurement value range. Preferred unit: degree Celsius. Occurrence: 1. Position: 6.0. This field is used in: 2 packages: hydrocarbon resources-cores, hydrocarbon resources-fluids_swabs	MIXS:0000393					
lat_lon	environment field	xs:token	required	The geographical origin of the sample as defined by latitude and longitude. The values should be reported in decimal degrees and in WGS84 system	50.586825 6.408977	Expected value: decimal degrees,  limit to 8 decimal points. Position: 5.0	MIXS:0000009					
lithology	core field	select		"Hydrocarbon resource main lithology (Additional information: http://petrowiki.org/Lithology_and_rock_type_determination). If ""other"" is specified, please propose entry in ""additional info"" field"	Volcanic	Expected value: enumeration. Occurrence: 1. Position: 12.0. This field is used in: 2 packages: hydrocarbon resources-cores, hydrocarbon resources-fluids_swabs	MIXS:0000990					
magnesium	core field	xs:token		Concentration of magnesium in the sample	52.8 micromole per kilogram	Expected value: measurement value. Preferred unit: mole per liter, milligram per liter, parts per million, micromole per kilogram. Occurrence: 1. Position: 69.0. This field is used in: 5 packages: hydrocarbon resources-cores, hydrocarbon resources-fluids_swabs, microbial mat_biofilm, sediment, water	MIXS:0000431					
misc_param	core field	xs:token		Any other measurement performed or parameter collected, that is not listed here	Bicarbonate ion concentration;2075 micromole per kilogram	Expected value: parameter name;measurement value. Occurrence: m. Position: 1.0. This field is used in: 16 packages: air, host-associated, human-associated, human-gut, human-oral, human-skin, human-vaginal, hydrocarbon resources-cores, hydrocarbon resources-fluids_swabs, microbial mat_biofilm, miscellaneous natural or artificial environment, plant-associated, sediment, soil, wastewater_sludge, water	MIXS:0000752					
nitrate	core field	xs:token		Concentration of nitrate in the sample	65 micromole per liter	Expected value: measurement value. Preferred unit: micromole per liter, milligram per liter, parts per million. Occurrence: 1. Position: 61.0. This field is used in: 7 packages: hydrocarbon resources-cores, hydrocarbon resources-fluids_swabs, microbial mat_biofilm, miscellaneous natural or artificial environment, sediment, wastewater_sludge, water	MIXS:0000425					
nitrite	core field	xs:token		Concentration of nitrite in the sample	0.5 micromole per liter	Expected value: measurement value. Preferred unit: micromole per liter, milligram per liter, parts per million. Occurrence: 1. Position: 62.0. This field is used in: 6 packages: hydrocarbon resources-cores, hydrocarbon resources-fluids_swabs, microbial mat_biofilm, miscellaneous natural or artificial environment, sediment, water	MIXS:0000426					
org_count_qpcr_info	core field	xs:token		If qpcr was used for the cell count, the target gene name, the primer sequence and the cycling conditions should also be provided. (Example: 16S rrna; FWD:ACGTAGCTATGACGT REV:GTGCTAGTCGAGTAC; initial denaturation:90C_5min; denaturation:90C_2min; annealing:52C_30 sec; elongation:72C_30 sec; 90 C for 1 min; final elongation:72C_5min; 30 cycles)		Expected value: gene name;FWD:forward primer sequence;REV:reverse primer sequence;initial denaturation:degrees_minutes;denaturation:degrees_minutes;annealing:degrees_minutes;elongation:degrees_minutes;final elongation:degrees_minutes; total cycles. Preferred unit: number of cells per gram (or ml or cm^2). Occurrence: 1. Position: 53.0. This field is used in: 2 packages: hydrocarbon resources-cores, hydrocarbon resources-fluids_swabs	MIXS:0000099					
organism_count	core field	select		Total cell count of any organism (or group of organisms) per gram, volume or area of sample, should include name of organism followed by count. The method that was used for the enumeration (e.g. qPCR, atp, mpn, etc.) Should also be provided. (example: total prokaryotes; 3.5e7 cells per ml; qpcr)	total prokaryotes;3.5e7 cells per milliliter;qPCR	Expected value: organism name;measurement value;enumeration. Preferred unit: number of cells per cubic meter, number of cells per milliliter, number of cells per cubic centimeter. Occurrence: m. Position: 1.0. This field is used in: 16 packages: air, built environment, host-associated, human-associated, human-gut, human-oral, human-skin, human-vaginal, hydrocarbon resources-cores, hydrocarbon resources-fluids_swabs, microbial mat_biofilm, miscellaneous natural or artificial environment, plant-associated, sediment, wastewater_sludge, water	MIXS:0000103					
owc_tvdss	core field	xs:token		Depth of the original oil water contact (OWC) zone (average) (m TVDSS)		Expected value: measurement value. Preferred unit: meter. Occurrence: 1. Position: 15.0. This field is used uniquely in: hydrocarbon resources-cores	MIXS:0000405					
oxy_stat_samp	core field	select		Oxygenation status of sample	aerobic	Expected value: enumeration. Occurrence: 1. Position: 1.0. This field is used in: 15 packages: air, host-associated, human-associated, human-gut, human-oral, human-skin, human-vaginal, hydrocarbon resources-cores, hydrocarbon resources-fluids_swabs, microbial mat_biofilm, miscellaneous natural or artificial environment, plant-associated, sediment, wastewater_sludge, water	MIXS:0000753					
permeability	core field	xs:token		Measure of the ability of a hydrocarbon resource to allow fluids to pass through it. (Additional information: https://en.wikipedia.org/wiki/Permeability_(earth_sciences))		Expected value: measurement value range. Preferred unit: mD. Occurrence: 1. Position: 10.0. This field is used uniquely in: hydrocarbon resources-cores	MIXS:TODO1234					
ph	core field	xs:decimal		Ph measurement of the sample, or liquid portion of sample, or aqueous phase of the fluid	7.2	Expected value: measurement value. Occurrence: 1. Position: 54.0. This field is used in: 8 packages: hydrocarbon resources-cores, hydrocarbon resources-fluids_swabs, microbial mat_biofilm, miscellaneous natural or artificial environment, sediment, soil, wastewater_sludge, water	MIXS:0001001					
porosity	core field	xs:token		Porosity of deposited sediment is volume of voids divided by the total volume of sample		Expected value: measurement value or range. Preferred unit: percentage. Occurrence: 1. Position: 11.0. This field is used in: 2 packages: hydrocarbon resources-cores, sediment	MIXS:0000211					
potassium	core field	xs:token		Concentration of potassium in the sample	463 milligram per liter	Expected value: measurement value. Preferred unit: milligram per liter, parts per million. Occurrence: 1. Position: 68.0. This field is used in: 6 packages: hydrocarbon resources-cores, hydrocarbon resources-fluids_swabs, microbial mat_biofilm, miscellaneous natural or artificial environment, sediment, water	MIXS:0000430					
pour_point	core field	xs:token		Temperature at which a liquid becomes semi solid and loses its flow characteristics. In crude oil a highpour pointis generally associated with a high paraffin content, typically found in crude deriving from a larger proportion of plant material. (soure: https://en.wikipedia.org/wiki/pour_point)		Expected value: measurement value. Preferred unit: degree Celsius. Occurrence: 1. Position: 88.0. This field is used in: 2 packages: hydrocarbon resources-cores, hydrocarbon resources-fluids_swabs	MIXS:0000127					
pressure	core field	xs:token		Pressure to which the sample is subject to, in atmospheres	50 atmosphere	Expected value: measurement value. Preferred unit: atmosphere. Occurrence: 1. Position: 41.0. This field is used in: 6 packages: hydrocarbon resources-cores, hydrocarbon resources-fluids_swabs, microbial mat_biofilm, miscellaneous natural or artificial environment, sediment, water	MIXS:0000412					
reservoir	core field	xs:token		Name of the reservoir (e.g. Carapebus)		Expected value: name. Occurrence: 1. Position: 5.0. This field is used in: 2 packages: hydrocarbon resources-cores, hydrocarbon resources-fluids_swabs	MIXS:0000303					
resins_pc	core field	xs:token		Saturate, Aromatic, Resin and Asphaltene(SARA) is an analysis method that dividescrude oilcomponents according to their polarizability and polarity. There are three main methods to obtain SARA results. The most popular one is known as the Iatroscan TLC-FID and is referred to as IP-143 (source: https://en.wikipedia.org/wiki/Saturate,_aromatic,_resin_and_asphaltene)		Expected value: name;measurement value. Preferred unit: percent. Occurrence: 1. Position: 91.0. This field is used in: 2 packages: hydrocarbon resources-cores, hydrocarbon resources-fluids_swabs	MIXS:0000134					
salinity	core field	xs:token		The total concentration of all dissolved salts in a liquid or solid sample. While salinity can be measured by a complete chemical analysis, this method is difficult and time consuming. More often, it is instead derived from the conductivity measurement. This is known as practical salinity. These derivations compare the specific conductance of the sample to a salinity standard such as seawater.	25 practical salinity unit	Expected value: measurement value. Preferred unit: practical salinity unit, percentage. Occurrence: 1. Position: 1.0. This field is used in: 15 packages: air, host-associated, human-associated, human-gut, human-oral, human-skin, human-vaginal, hydrocarbon resources-cores, hydrocarbon resources-fluids_swabs, microbial mat_biofilm, miscellaneous natural or artificial environment, plant-associated, sediment, wastewater_sludge, water	MIXS:0000183					
samp_md	core field	select		"In non deviated well, measured depth is equal to the true vertical depth, TVD (TVD=TVDSS plus the reference or datum it refers to). In deviated wells, the MD is the length of trajectory of the borehole measured from the same reference or datum. Common datums used are ground level (GL), drilling rig floor (DF), rotary table (RT), kelly bushing (KB) and mean sea level (MSL). If ""other"" is specified, please propose entry in ""additional info"" field"	1534 meter;MSL	Expected value: measurement value;enumeration. Preferred unit: meter. Occurrence: 1. Position: 43.0. This field is used uniquely in: hydrocarbon resources-cores	MIXS:0000413					
samp_salinity	core field	xs:token		Salinity is the total concentration of all dissolved salts in a liquid or solid (in the form of an extract obtained by centrifugation) sample. While salinity can be measured by a complete chemical analysis, this method is difficult and time consuming. More often, it is instead derived from the conductivity measurement. This is known as practical salinity. These derivations compare the specific conductance of the sample to a salinity standard such as seawater	1 milligram per liter	Expected value: measurement value. Preferred unit: milligram per liter, practical salinity unit, percentage. Occurrence: 1. Position: 1.0. This field is used in: 11 packages: air, host-associated, human-associated, human-gut, human-oral, human-skin, human-vaginal, hydrocarbon resources-cores, hydrocarbon resources-fluids_swabs, plant-associated, wastewater_sludge	MIXS:0000109					
samp_store_dur	core field	xs:token		Duration for which the sample was stored	P1Y6M	Expected value: duration. Occurrence: 1. Position: 1.0. This field is used in: 15 packages: air, host-associated, human-associated, human-gut, human-oral, human-skin, human-vaginal, hydrocarbon resources-cores, hydrocarbon resources-fluids_swabs, microbial mat_biofilm, miscellaneous natural or artificial environment, plant-associated, sediment, wastewater_sludge, water	MIXS:0000116					
samp_store_loc	core field	xs:token		Location at which sample was stored, usually name of a specific freezer/room	Freezer no:5	Expected value: location name. Occurrence: 1. Position: 1.0. This field is used in: 15 packages: air, host-associated, human-associated, human-gut, human-oral, human-skin, human-vaginal, hydrocarbon resources-cores, hydrocarbon resources-fluids_swabs, microbial mat_biofilm, miscellaneous natural or artificial environment, plant-associated, sediment, wastewater_sludge, water	MIXS:0000755					
samp_store_temp	core field	xs:token	required	Temperature at which sample was stored, e.g. -80 degree Celsius	-80 degree Celsius	Expected value: measurement value. Preferred unit: degree Celsius. Occurrence: 1. Position: 1.0. This field is used in: 15 packages: air, host-associated, human-associated, human-gut, human-oral, human-skin, human-vaginal, hydrocarbon resources-cores, hydrocarbon resources-fluids_swabs, microbial mat_biofilm, miscellaneous natural or artificial environment, plant-associated, sediment, wastewater_sludge, water	MIXS:0000110					
samp_subtype	core field	select		"Name of sample sub-type. For example if ""sample type"" is ""Produced Water"" then subtype could be ""Oil Phase"" or ""Water Phase"". If ""other"" is specified, please propose entry in ""additional info"" field"	biofilm	Expected value: enumeration. Occurrence: 1. Position: 38.0. This field is used in: 2 packages: hydrocarbon resources-cores, hydrocarbon resources-fluids_swabs	MIXS:0000999					
samp_transport_cond	core field	xs:token		Sample transport duration (in days or hrs) and temperature the sample was exposed to (e.g. 5.5 days; 20 C)	5 days;-20 degree Celsius	Expected value: measurement value;measurement value. Preferred unit: days;degree Celsius. Occurrence: 1. Position: 47.0. This field is used in: 2 packages: hydrocarbon resources-cores, hydrocarbon resources-fluids_swabs	MIXS:0000410					
samp_tvdss	core field	xs:token		Depth of the sample i.e. The vertical distance between the sea level and the sampled position in the subsurface. Depth can be reported as an interval for subsurface samples e.g. 1325.75-1362.25 m		Expected value: measurement value or measurement value range. Preferred unit: meter. Occurrence: 1. Position: 42.0. This field is used uniquely in: hydrocarbon resources-cores	MIXS:0000409					
samp_type	core field	select		The type of material from which the sample was obtained. For the Hydrocarbon package, samples include types like core, rock trimmings, drill cuttings, piping section, coupon, pigging debris, solid deposit, produced fluid, produced water, injected water, swabs, etc. For the Food Package, samples are usually categorized as food, body products or tissues, or environmental material. This field accepts terms listed under environmental specimen (http://purl.obolibrary.org/obo/GENEPIO_0001246).	solid deposit	Expected value: enumeration. Occurrence: 1. Position: 37.0. This field is used in: 2 packages: hydrocarbon resources-cores, hydrocarbon resources-fluids_swabs	MIXS:0000998					
samp_well_name	core field	xs:token		Name of the well (e.g. BXA1123) where sample was taken		Expected value: name. Occurrence: 1. Position: 35.0. This field is used in: 2 packages: hydrocarbon resources-cores, hydrocarbon resources-fluids_swabs	MIXS:0000296					
saturates_pc	core field	xs:token		Saturate, Aromatic, Resin and Asphaltene(SARA) is an analysis method that dividescrude oilcomponents according to their polarizability and polarity. There are three main methods to obtain SARA results. The most popular one is known as the Iatroscan TLC-FID and is referred to as IP-143 (source: https://en.wikipedia.org/wiki/Saturate,_aromatic,_resin_and_asphaltene)		Expected value: name;measurement value. Preferred unit: percent. Occurrence: 1. Position: 89.0. This field is used in: 2 packages: hydrocarbon resources-cores, hydrocarbon resources-fluids_swabs	MIXS:0000131					
sodium	core field	xs:token		Sodium concentration in the sample	10.5 milligram per liter	Expected value: measurement value. Preferred unit: milligram per liter, parts per million. Occurrence: 1. Position: 66.0. This field is used in: 7 packages: hydrocarbon resources-cores, hydrocarbon resources-fluids_swabs, microbial mat_biofilm, miscellaneous natural or artificial environment, sediment, wastewater_sludge, water	MIXS:0000428					
sr_dep_env	core field	select		"Source rock depositional environment (https://en.wikipedia.org/wiki/Source_rock). If ""other"" is specified, please propose entry in ""additional info"" field"	Marine	Expected value: enumeration. Occurrence: 1. Position: 21.0. This field is used uniquely in: hydrocarbon resources-cores	MIXS:0000996					
sr_geol_age	core field	select		"Geological age of source rock (Additional info: https://en.wikipedia.org/wiki/Period_(geology)). If ""other"" is specified, please propose entry in ""additional info"" field"	Silurian	Expected value: enumeration. Occurrence: 1. Position: 22.0. This field is used uniquely in: hydrocarbon resources-cores	MIXS:0000997					
sr_kerog_type	core field	select		"Origin of kerogen. Type I: Algal (aquatic), Type II: planktonic and soft plant material (aquatic or terrestrial), Type III: terrestrial woody/ fibrous plant material (terrestrial), Type IV: oxidized recycled woody debris (terrestrial) (additional information: https://en.wikipedia.org/wiki/Kerogen). If ""other"" is specified, please propose entry in ""additional info"" field"	Type IV	Expected value: enumeration. Occurrence: 1. Position: 19.0. This field is used uniquely in: hydrocarbon resources-cores	MIXS:0000994					
sr_lithology	core field	select		"Lithology of source rock (https://en.wikipedia.org/wiki/Source_rock). If ""other"" is specified, please propose entry in ""additional info"" field"	Coal	Expected value: enumeration. Occurrence: 1. Position: 20.0. This field is used uniquely in: hydrocarbon resources-cores	MIXS:0000995					
sulfate	core field	xs:token		Concentration of sulfate in the sample	5 micromole per liter	Expected value: measurement value. Preferred unit: micromole per liter, milligram per liter, parts per million. Occurrence: 1. Position: 58.0. This field is used in: 6 packages: hydrocarbon resources-cores, hydrocarbon resources-fluids_swabs, microbial mat_biofilm, miscellaneous natural or artificial environment, sediment, water	MIXS:0000423					
sulfate_fw	core field	xs:token		Original sulfate concentration in the hydrocarbon resource		Expected value: measurement value. Preferred unit: milligram per liter. Occurrence: 1. Position: 17.0. This field is used in: 2 packages: hydrocarbon resources-cores, hydrocarbon resources-fluids_swabs	MIXS:0000407					
sulfide	core field	xs:token		Concentration of sulfide in the sample	2 micromole per liter	Expected value: measurement value. Preferred unit: micromole per liter, milligram per liter, parts per million. Occurrence: 1. Position: 59.0. This field is used in: 6 packages: hydrocarbon resources-cores, hydrocarbon resources-fluids_swabs, microbial mat_biofilm, miscellaneous natural or artificial environment, sediment, water	MIXS:0000424					
suspend_solids	core field	xs:token		Concentration of substances including a wide variety of material, such as silt, decaying plant and animal matter; can include multiple substances		Expected value: suspended solid name;measurement value. Preferred unit: gram, microgram, milligram per liter, mole per liter, gram per liter, part per million. Occurrence: m. Position: 76.0. This field is used in: 3 packages: hydrocarbon resources-cores, hydrocarbon resources-fluids_swabs, wastewater_sludge	MIXS:0000150					
tan	core field	xs:token		Total Acid Number(TAN) is a measurement of acidity that is determined by the amount ofpotassium hydroxidein milligrams that is needed to neutralize the acids in one gram of oil.It is an important quality measurement ofcrude oil. (source: https://en.wikipedia.org/wiki/Total_acid_number)		Expected value: measurement value. Preferred unit: milligram per liter. Occurrence: 1. Position: 86.0. This field is used in: 2 packages: hydrocarbon resources-cores, hydrocarbon resources-fluids_swabs	MIXS:0000120					
temp	environment field	xs:token		Temperature of the sample at the time of sampling.	25 degree Celsius	Expected value: measurement value. Preferred unit: degree Celsius. Position: 40.0. This field is used in: 15 packages: air, host-associated, human-associated, human-gut, human-oral, human-skin, human-vaginal, hydrocarbon resources-cores, hydrocarbon resources-fluids_swabs, microbial mat_biofilm, miscellaneous natural or artificial environment, plant-associated, sediment, wastewater_sludge, water	MIXS:0000113					
toluene	core field	xs:token		Concentration of toluene in the sample		Expected value: measurement value. Preferred unit: milligram per liter, parts per million. Occurrence: 1. Position: 82.0. This field is used in: 2 packages: hydrocarbon resources-cores, hydrocarbon resources-fluids_swabs	MIXS:0000154					
tot_iron	core field	xs:token		Concentration of total iron in the sample		Expected value: measurement value. Preferred unit: milligram per liter, milligram per kilogram. Occurrence: 1. Position: 71.0. This field is used in: 2 packages: hydrocarbon resources-cores, hydrocarbon resources-fluids_swabs	MIXS:0000105					
tot_nitro	core field	xs:token		Total nitrogen concentration of water samples, calculated by: total nitrogen = total dissolved nitrogen + particulate nitrogen. Can also be measured without filtering, reported as nitrogen	50 micromole per liter	Expected value: measurement value. Preferred unit: microgram per liter, micromole per liter, milligram per liter. Occurrence: 1. Position: 64.0. This field is used in: 4 packages: hydrocarbon resources-cores, hydrocarbon resources-fluids_swabs, wastewater_sludge, water	MIXS:0000102					
tot_phosp	core field	xs:token		Total phosphorus concentration in the sample, calculated by: total phosphorus = total dissolved phosphorus + particulate phosphorus	0.03 milligram per liter	Expected value: measurement value. Preferred unit: micromole per liter, milligram per liter, parts per million. Occurrence: 1. Position: 75.0. This field is used in: 3 packages: hydrocarbon resources-cores, hydrocarbon resources-fluids_swabs, water	MIXS:0000117					
tot_sulfur	core field	xs:token		Concentration of total sulfur in the sample		Expected value: measurement value. Preferred unit: milligram per liter, parts per million. Occurrence: 1. Position: 60.0. This field is used in: 2 packages: hydrocarbon resources-cores, hydrocarbon resources-fluids_swabs	MIXS:0000419					
tvdss_of_hcr_press	core field	xs:token		True vertical depth subsea (TVDSS) of the hydrocarbon resource where the original pressure was measured (e.g. 1578 m).		Expected value: measurement value. Preferred unit: meter. Occurrence: 1. Position: 9.0. This field is used in: 2 packages: hydrocarbon resources-cores, hydrocarbon resources-fluids_swabs	MIXS:0000397					
tvdss_of_hcr_temp	core field	xs:token		True vertical depth subsea (TVDSS) of the hydrocarbon resource where the original temperature was measured (e.g. 1345 m).		Expected value: measurement value. Preferred unit: meter. Occurrence: 1. Position: 7.0. This field is used in: 2 packages: hydrocarbon resources-cores, hydrocarbon resources-fluids_swabs	MIXS:0000394					
vfa	core field	xs:token		Concentration of Volatile Fatty Acids in the sample		Expected value: measurement value. Preferred unit: milligram per liter, parts per million. Occurrence: 1. Position: 80.0. This field is used in: 2 packages: hydrocarbon resources-cores, hydrocarbon resources-fluids_swabs	MIXS:0000152					
vfa_fw	core field	xs:token		Original volatile fatty acid concentration in the hydrocarbon resource		Expected value: measurement value. Preferred unit: milligram per liter. Occurrence: 1. Position: 18.0. This field is used in: 2 packages: hydrocarbon resources-cores, hydrocarbon resources-fluids_swabs	MIXS:0000408					
viscosity	core field	xs:token		A measure of oil's resistanceto gradual deformation byshear stressortensile stress (e.g. 3.5 cp; 100 C)		Expected value: measurement value;measurement value. Preferred unit: cP at degree Celsius. Occurrence: 1. Position: 87.0. This field is used in: 2 packages: hydrocarbon resources-cores, hydrocarbon resources-fluids_swabs	MIXS:0000126					
win	core field	xs:token		A unique identifier of a well or wellbore. This is part of the Global Framework for Well Identification initiative which is compiled by the Professional Petroleum Data Management Association (PPDM) in an effort to improve well identification systems. (Supporting information: https://ppdm.org/ and http://dl.ppdm.org/dl/690)		Expected value: text. Occurrence: 1. Position: 36.0. This field is used in: 2 packages: hydrocarbon resources-cores, hydrocarbon resources-fluids_swabs	MIXS:0000297					
xylene	core field	xs:token		Concentration of xylene in the sample		Expected value: measurement value. Preferred unit: milligram per liter, parts per million. Occurrence: 1. Position: 84.0. This field is used in: 2 packages: hydrocarbon resources-cores, hydrocarbon resources-fluids_swabs	MIXS:0000156					
Continental - Alluvial	depos_env											
Continental - Aeolian	depos_env											
Continental - Fluvial	depos_env											
Continental - Lacustrine	depos_env											
Transitional - Deltaic	depos_env											
Transitional - Tidal	depos_env											
Transitional - Lagoonal	depos_env											
Transitional - Beach	depos_env											
Transitional - Lake	depos_env											
Marine - Shallow	depos_env											
Marine - Deep	depos_env											
Marine - Reef	depos_env											
Other - Evaporite	depos_env											
Other - Glacial	depos_env											
Other - Volcanic	depos_env											
other	depos_env											
Oil	hc_produced											
Gas-Condensate	hc_produced											
Gas	hc_produced											
Bitumen	hc_produced											
Coalbed Methane	hc_produced											
other	hc_produced											
Oil Reservoir	hcr											
Gas Reservoir	hcr											
Oil Sand	hcr											
Coalbed	hcr											
Shale	hcr											
Tight Oil Reservoir	hcr											
Tight Gas Reservoir	hcr											
other	hcr											
Archean	hcr_geol_age											
Cambrian	hcr_geol_age											
Carboniferous	hcr_geol_age											
Cenozoic	hcr_geol_age											
Cretaceous	hcr_geol_age											
Devonian	hcr_geol_age											
Jurassic	hcr_geol_age											
Mesozoic	hcr_geol_age											
Neogene	hcr_geol_age											
Ordovician	hcr_geol_age											
Paleogene	hcr_geol_age											
Paleozoic	hcr_geol_age											
Permian	hcr_geol_age											
Precambrian	hcr_geol_age											
Proterozoic	hcr_geol_age											
Silurian	hcr_geol_age											
Triassic	hcr_geol_age											
other	hcr_geol_age											
Basement	lithology											
Chalk	lithology											
Chert	lithology											
Coal	lithology											
Conglomerate	lithology											
Diatomite	lithology											
Dolomite	lithology											
Limestone	lithology											
Sandstone	lithology											
Shale	lithology											
Siltstone	lithology											
Volcanic	lithology											
other	lithology											
ATP	organism_count											
MPN	organism_count											
other	organism_count											
aerobic	oxy_stat_samp											
anaerobic	oxy_stat_samp											
other	oxy_stat_samp											
DF	samp_md											
RT	samp_md											
KB	samp_md											
MSL	samp_md											
other	samp_md											
oil phase	samp_subtype											
water phase	samp_subtype											
biofilm	samp_subtype											
not applicable	samp_subtype											
other	samp_subtype											
core	samp_type											
rock trimmings	samp_type											
drill cuttings	samp_type											
piping section	samp_type											
coupon	samp_type											
pigging debris	samp_type											
solid deposit	samp_type											
produced fluid	samp_type											
produced water	samp_type											
injected water	samp_type											
water from treatment plant	samp_type											
fresh water	samp_type											
sea water	samp_type											
drilling fluid	samp_type											
procedural blank	samp_type											
positive control	samp_type											
negative control	samp_type											
other	samp_type											
Lacustine	sr_dep_env											
Fluvioldeltaic	sr_dep_env											
Fluviomarine	sr_dep_env											
Marine	sr_dep_env											
other	sr_dep_env											
Archean	sr_geol_age											
Cambrian	sr_geol_age											
Carboniferous	sr_geol_age											
Cenozoic	sr_geol_age											
Cretaceous	sr_geol_age											
Devonian	sr_geol_age											
Jurassic	sr_geol_age											
Mesozoic	sr_geol_age											
Neogene	sr_geol_age											
Ordovician	sr_geol_age											
Paleogene	sr_geol_age											
Paleozoic	sr_geol_age											
Permian	sr_geol_age											
Precambrian	sr_geol_age											
Proterozoic	sr_geol_age											
Silurian	sr_geol_age											
Triassic	sr_geol_age											
other	sr_geol_age											
Type I	sr_kerog_type											
Type II	sr_kerog_type											
Type III	sr_kerog_type											
Type IV	sr_kerog_type											
other	sr_kerog_type											
Clastic	sr_lithology											
Carbonate	sr_lithology											
Coal	sr_lithology											
Biosilicieous	sr_lithology											
other	sr_lithology											
