Ontology ID	parent class	label	datatype	source	data status	requirement	min value	max value	capitalize	description	guidance	examples
ID	SC %											
		Sample collection and processing										
	Sample collection and processing	sample_collector_sample_ID	xs:token			required				The user-defined identifier for the sample, as provided by the laboratory that collected the sample.	The sample_ID should represent the identifier assigned to the sample at time of collection, for which all the descriptive information applies. If the original sample_ID is unknown or cannot be provided, leave blank or provide a null value.	ABCD123
	Sample collection and processing	alternative_sample_ID	xs:token			recommended				An alternative sample_ID assigned to the sample by another organization.	Provide any alternative identifiers for the sample here, separated by commas. Alternative identifiers assigned to the sample should be tracked along with original IDs to establish chain of custody. If the information is unknown or cannot be provided, leave blank or provide a null value.	bvn5567, RA1-HH789
	Sample collection and processing	collected_by_institution_name	xs:token							The name of the agency, organization or institution with which the sample collector is affiliated.	Provide the name of the agency, organization or institution that collected the sample in full (avoid abbreviations). If the information is unknown or cannot be provided, leave blank or provide a null value.	Public Health Agency of Canada
	Sample collection and processing	collected_by_laboratory_name	xs:token							The specific laboratory affiliation of the sample collector.	Provide the name of the specific laboratory that collected the sample (avoid abbreviations). If the information is unknown or cannot be provided, leave blank or provide a null value.	Topp Lab
	Sample collection and processing	sample_collection_project_name	xs:token							The name of the project/initiative/program for which the sample was collected.	Provide the name of the project and/or the project ID here. If the information is unknown or cannot be provided, leave blank or provide a null value.	Watershed Project (HA-120)
	Sample collection and processing	sample_plan_name	xs:token			recommended				The name of the study design for a surveillance project.	Provide the name of the sample plan used for sample collection. If the information is unknown or cannot be provided, leave blank or provide a null value.	National Microbiological Baseline Study in Broiler Chicken
	Sample collection and processing	sample_plan_ID	xs:token			recommended				The identifier of the study design for a surveillance project.	Provide the identifier of the sample plan used for sample collection. If the information is unknown or cannot be provided, leave blank or provide a null value.	2001_M205
	Sample collection and processing	sample_collector_contact_name	xs:token							The name or job title of the contact responsible for follow-up regarding the sample.	Provide the name of an individual or their job title. As personnel turnover may render the contact's name obsolete, it is more preferable to provide a job title for ensuring accuracy of information and institutional memory. If the information is unknown or cannot be provided, leave blank or provide a null value.	Enterics Lab Manager
	Sample collection and processing	sample_collector_contact_email	xs:token			required				The email address of the contact responsible for follow-up regarding the sample.	Provide the email associated with the listed contact. As personnel turnover may render an individual's email obsolete, it is more preferable to provide an address for a position or lab, to ensure accuracy of information and institutional memory. If the information is unknown or cannot be provided, leave blank or provide a null value.	johnnyblogs@lab.ca
	Sample collection and processing	purpose_of_sampling	select			required				The purpose of sample collection.	Provide the reason for sample collection by selecting a value from the following pick list: Diagnostic testing, Surveillance, Monitoring, Clinical trial, Field experiment, Environmental testing. If the information is unknown or cannot be provided, leave blank or provide a null value.	Surveillance
	Sample collection and processing	experimental_activity	select							The experimental activities or variables that affected the sample collected.	If there was experimental activity that would affect the sample prior to collection (this is different than sample processing), provide the experimental activities by selecting one or more values from the template pick list. If the information is unknown or cannot be provided, leave blank or provide a null value.	Antimicrobial Pre-treatment
	Sample collection and processing	experimental_activity_details	xs:token							The details of the experimental activities or variables that affected the sample collected.	Briefly describe the experimental details using free text.	Chicken feed containing X amount of novobiocin was fed to chickens for 72 hours prior to collection of litter.
	Sample collection and processing	sample_processing	select							The processing applied to samples post-collection, prior to further testing, characterization, or isolation procedures.	Provide the sample processing information by selecting a value from the template pick list. If the information is unknown or cannot be provided, leave blank or provide a null value.	Samples pooled
	Sample collection and processing	geo_loc_name (country)	select			required				The country where the sample was collected.	Provide the name of the country where the sample was collected. Use the controlled vocabulary provided in the template pick list.  If the information is unknown or cannot be provided, provide a null value.	Canada
	Sample collection and processing	geo_loc_name (state/province/region)	select			required				The province/territory where the sample was collected.	Provide the name of the province/state/region where the sample was collected.  If the information is unknown or cannot be provided, provide a null value.	British Columbia
	Sample collection and processing	"
food_product_origin geo_loc_name (country)
"	select	geo_loc_name (country)						The country of origin of a food product.	If a food product was sampled and the food product was manufactured outside of Canada, provide the name of the country where the food product originated by selecting a value from the template pick list. If the information is unknown or cannot be provided, leave blank or provide a null value.	United States of America
	Sample collection and processing	host_origin geo_loc_name (country)	select	geo_loc_name (country)						The country of origin of the host.	If a sample is from a human or animal host that originated from outside of Canada, provide the the name of the country where the host originated by selecting a value from the template pick list. If the information is unknown or cannot be provided, leave blank or provide a null value.	South Africa
	Sample collection and processing	latitude_of_sample_collection	xs:token							The latitude coordinates of the geographical location of sample collection.	If known, provide the degrees latitude.  Do NOT simply provide latitude of the institution if this is not where the sample was collected, nor the centre of the city/region where the sample was collected as this falsely implicates an existing geographical location and creates data inaccuracies. If the information is unknown or cannot be provided, leave blank or provide a null value.	38.98 N
	Sample collection and processing	longitude_of_sample_collection	xs:token							The longitude coordinates of the geographical location of sample collection.	If known, provide the degrees longitude.  Do NOT simply provide longitude of the institution if this is not where the sample was collected, nor the centre of the city/region where the sample was collected as this falsely implicates an existing geographical location and creates data inaccuracies. If the information is unknown or cannot be provided, leave blank or provide a null value.	77.11 W
	Sample collection and processing	sample_collection_date	xs:date			required				The date on which the sample was collected.	Provide the date according to the ISO 8601 standard "YYYY-MM-DD", "YYYY-MM" or "YYYY".	2020-10-30
	Sample collection and processing	sample_received_date	xs:date							The date on which the sample was received by the laboratory.	Provide the date according to the ISO 8601 standard "YYYY-MM-DD", "YYYY-MM" or "YYYY".	2020-11-15
	Sample collection and processing	original_sample_description	xs:token							The original sample description provided by the sample collector.	Provide the sample description provided by the original sample collector. The original description is useful as it may provide further details, or can be used to clarify higher level classifications.	RTE Prosciutto from deli
	Sample collection and processing	environmental_site	xs:token			recommended				An environmental site is a location in the natural or built environment.	If applicable, provide the standardized term and ontology ID for the environmental site. The standardized term can be sourced from these look-up services: https://www.ebi.ac.uk/ols/ontologies/envo or https://www.ebi.ac.uk/ols/ontologies/genepio.	contact surface, production facility, floor drain, hatchery.
	Sample collection and processing	animal_or_plant_population	xs:token			recommended				The type of animal or plant population inhabiting an area.	This field should be used when a sample is taken from an environmental location inhabited by many individuals of a specific type, rather than describing a sample taken from one particular host. If applicable, provide the standardized term and ontology ID for the animal or plant population name. The standardized term can be sourced from this look-up service: https://www.ebi.ac.uk/ols/ontologies/genepio. If not applicable, leave blank.	turkey
	Sample collection and processing	environmental_material	xs:token			recommended				A substance or object obtained from the natural or man-made environment .	If applicable, provide the standardized term and ontology ID for the environmental material. The standardized term can be sourced from these look-up services: https://www.ebi.ac.uk/ols/ontologies/envo or https://www.ebi.ac.uk/ols/ontologies/genepio. If not applicable, leave blank.	soil, water, sewage, tractor
	Sample collection and processing	body_product	xs:token			recommended				A substance excreted/secreted from an organism.	If applicable, provide the standardized term and ontology ID for the body product. The standardized term can be sourced from this look-up service: https://www.ebi.ac.uk/ols/ontologies/uberon. If not applicable, leave blank.	feces, urine, sweat.
	Sample collection and processing	anatomical_part	xs:token			recommended				A substance obtained from an anatomical part of an organism.	If applicable, provide the standardized term and ontology ID for the anatomical material. The standardized term can be sourced from this look-up service: https://www.ebi.ac.uk/ols/ontologies/uberon. If not applicable, leave blank.	tissue, blood
	Sample collection and processing	food_product	xs:token			recommended				A material consumed and digested for nutritional value or enjoyment.	This field includes animal feed. If applicable, provide the standardized term and ontology ID for the anatomical material. The standardized term can be sourced from this look-up service: https://www.ebi.ac.uk/ols/ontologies/foodon. If not applicable, leave blank.	feather and bone meal, chicken breast
	Sample collection and processing	food_product_properties	xs:token			recommended				Any characteristic of the food product pertaining to its state, processing, a label claim, or implications for consumers.	Provide any characteristics of the food product including whether it has been cooked, processed, preserved, any known information about its state (e.g. raw, ready-to-eat), any known information about its containment (e.g. canned), and any information about a label claim (e.g. organic, fat-free).	smoked, chopped, ready-to-eat
	Sample collection and processing	animal_source_of_food	xs:token			recommended				The animal from which the food product was derived.	Provide the common name of the animal. If not applicable, leave blank. Multiple entries can be provided, separated by a comma.	chicken
	Sample collection and processing	food_packaging	xs:token			recommended				The type of packaging used to contain a food product.	If known, provide information regarding how the food product was packaged.	box, tray
	Sample collection and processing	collection_device	xs:token			recommended				The instrument or container used to collect the sample.	This field includes animal feed. If applicable, provide the standardized term and ontology ID for the anatomical material. The standardized term can be sourced from this look-up service: https://www.ebi.ac.uk/ols/ontologies/genepio. If not applicable, leave blank.	swab
	Sample collection and processing	collection_method	xs:token			recommended				The process used to collect the sample.	If applicable, provide the standardized term and ontology ID for the anatomical material. The standardized term can be sourced from this look-up service: https://www.ebi.ac.uk/ols/ontologies/genepio. If not applicable, leave blank.	phlebotomy, necropsy, rinsing
		Host information										
	Host information	host (common name)	xs:token			recommended				The commonly used name of the host.	If the sample is directly from a host, either a common or scientific name must be provided (although both can be included, if known).  If known, provide the common name.	cow, chicken, human
	Host information	host (scientific name)	xs:token			recommended				The scientific name of the host.	If the sample is directly from a host, either a common or scientific name must be provided (although both can be included, if known).  If known, provide the scientific name. The standardized term can be sourced from this look-up service: https://www.ebi.ac.uk/ols/ontologies/ncbitaxon.	Bos taurus, Homo sapiens
	Host information	host_disease	xs:token							The name of the disease experienced by the host.	This field is only required if the Pathogen.cl package was selected. If the host was sick, provide the name of the disease.The standardized term can be sourced from this look-up service: https://www.ebi.ac.uk/ols/ontologies/doid If the disease is not known, put “missing”.	mastitis, gastroenteritis
		Strain and isolation information										
	Strain and isolation information	microbiological_method	xs:token			recommended				The laboratory method used to grow, prepare, and/or isolate the microbial isolate.	Provide the name and version number of the microbiological method. The ID of the method is also acceptable if the ID can be linked to the laboratory that created the procedure.	MFHPB-30
	Strain and isolation information	strain	xs:token							The strain identifier.	If the isolate represents or is derived from, a lab reference strain or strain from a type culture collection, provide the strain identifier.	K12
	Strain and isolation information	isolate_ID	xs:token			required				The user-defined identifier for the isolate, as provided by the laboratory that originally isolated the isolate.	Provide the isolate_ID created by the lab that first isolated the isolate (i.e. the original isolate ID). If the information is unknown or cannot be provided, leave blank or provide a null value. If only an alternate isolate ID is known (e.g. the ID from your lab, if your lab did not isolate the isolate from the original sample), make asure to include it in the alternative_isolate_ID field.	SA20131043
	Strain and isolation information	alternative_isolate_ID	xs:token			recommended				An alternative isolate_ID assigned to the isolate by another organization.	If one or more alternative isolate_IDs are available, record them all here, separated by a comma.	PHAC_45678
	Strain and isolation information	progeny_isolate_ID	xs:token							The identifier assigned to a progenitor isolate derived from an isolate that was directly obtained from a sample.	If your sequence data pertains to progeny of an original isolate, provide the progeny_isolate_ID.	SUB_ON_1526
	Strain and isolation information	IRIDA_isolate_ID	xs:token			required				The identifier of the isolate in the IRIDA platform.	Provide the "sample ID" used to track information linked to the isolate in IRIDA. IRIDA sample IDs should be unqiue to avoid ID clash. This is very important in large Projects, especially when samples are shared from different organizations. Download the IRIDA sample ID and add it to the sample data in your spreadsheet as part of good data management practices.	GRDI_LL_12345
	Strain and isolation information	IRIDA_project_ID	xs:token			required				The identifier of the Project in the iRIDA platform.	Provide the IRIDA "project ID".	666
	Strain and isolation information	isolated_by_institution_name	xs:token							The name of the agency, organization or institution with which the individual who performed the isolation procedure is affiliated.	Provide the name of the agency, organization or institution that isolated the original isolate in full (avoid abbreviations). If the information is unknown or cannot be provided, leave blank or provide a null value.	Public Health Agency of Canada
	Strain and isolation information	isolated_by_laboratory_name	xs:token							The specific laboratory affiliation of the individual who performed the isolation procedure.	Provide the name of the specific laboratory that that isolated the original isolate (avoid abbreviations). If the information is unknown or cannot be provided, leave blank or provide a null value.	Topp Lab
	Strain and isolation information	isolated_by_contact_name	xs:token							The name or title of the contact responsible for follow-up regarding the isolate.	Provide the name of an individual or their job title. As personnel turnover may render the contact's name obsolete, it is prefereable to provide a job title for ensuring accuracy of information and institutional memory. If the information is unknown or cannot be provided, leave blank or provide a null value.	Enterics Lab Manager
	Strain and isolation information	isolated_by_contact_email	xs:token							The email address of the contact responsible for follow-up regarding the isolate.	Provide the email associated with the listed contact. As personnel turnover may render an individual's email obsolete, it is more prefereable to provide an address for a position or lab, to ensure accuracy of information and institutional memory. If the information is unknown or cannot be provided, leave blank or provide a null value.	enterics@lab.ca
	Strain and isolation information	isolation_date	xs:date							The date on which the isolate was isolated from a sample.	Provide the date according to the ISO 8601 standard "YYYY-MM-DD", "YYYY-MM" or "YYYY".	2020-10-30
	Strain and isolation information	isolate_received_date	xs:token							The date on which the isolate was received by the laboratory.	Provide the date according to the ISO 8601 standard "YYYY-MM-DD", "YYYY-MM" or "YYYY".	2020-11-15
	Strain and isolation information	organism	xs:token			required				The taxonomic name of the organism.	Put the genus and species (and subspecies if applicable) of the bacteria, if known. The standardized term can be sourced from this look-up service: https://www.ebi.ac.uk/ols/ontologies/ncbitaxon.	Salmonella enterica subspecies enterica
	Strain and isolation information	serovar	xs:token			recommended				The serovar of the organism.	Only include this information if it has been determined by traditional serological methods or a validated in silico prediction tool e.g. SISTR.	Heidelberg
	Strain and isolation information	serotyping_method	xs:token			recommended				The method used to determine the serovar.	If the serovar was determined via traditional serotyping methods, put “Traditional serotyping”. If the serovar was determined via in silico methods, provide the name and version number of the software.	SISTR 1.0.1
	Strain and isolation information	phagetype	xs:token							The phagetype of the organism.	Provide if known. If unknown, put “missing”.	47
		Sequence information										
	Sequence information	library_ID	xs:token							The identifier of the library sequenced.	Every "library ID" from a single submitter must be unique. It can have any format, but we suggest that you make it concise, unique and consistent within your lab, and as informative as possible.	LS_2010_NP_123446
	Sequence information	sequenced_by_institution_name	xs:token			required				The name of the agency, organization or institution responsible for sequencing the isolate's genome.	Provide the name of the agency, organization or institution that performed the sequencing in full (avoid abbreviations). If the information is unknown or cannot be provided, leave blank or provide a null value.	Public Health Agency of Canada
	Sequence information	sequenced_by_laboratory_name	xs:token							The specific laboratory affiliation of the responsible for sequencing the isolate's genome.	Provide the name of the specific laboratory that that performed the sequencing in full (avoid abbreviations). If the information is unknown or cannot be provided, leave blank or provide a null value.	Topp Lab
	Sequence information	sequenced_by_contact_name	xs:token							The name or title of the contact responsible for follow-up regarding the sequence.	Provide the name of an individual or their job title. As personnel turnover may render the contact's name obsolete, it is more prefereable to provide a job title for ensuring accuracy of information and institutional memory. If the information is unknown or cannot be provided, leave blank or provide a null value.	Enterics Lab Manager
	Sequence information	sequenced_by_contact_email	xs:token			required				The email address of the contact responsible for follow-up regarding the sequence.	Provide the email associated with the listed contact. As personnel turnover may render an individual's email obsolete, it is more prefereable to provide an address for a position or lab, to ensure accuracy of information and institutional memory. If the information is unknown or cannot be provided, leave blank or provide a null value.	enterics@lab.ca
	Sequence information	purpose_of_sequencing	select			required				The purpose of sequencing.	Provide the reason for sequencing by selecting a value from the following pick list: Diagnostic testing, Surveillance, Monitoring, Clinical trial, Field experiment, Environmental testing. If the information is unknown or cannot be provided, leave blank or provide a null value.	Research
	Sequence information	sequencing_project_name	xs:token							The name of the project/initiative/program for which sequencing was performed.	Provide the name of the project and/or the project ID here. If the information is unknown or cannot be provided, leave blank or provide a null value.	AMR-GRDI (PA-1356)
	Sequence information	sequencing_platform	select							The platform technology used to perform the sequencing.	Provide the name of the company that created the sequencing instrument by selecting a value from the template pick list. If the information is unknown or cannot be provided, leave blank or provide a null value.	Illumina
	Sequence information	sequencing_instrument	select							The instrument type used to perform the sequencing.	Provide the model sequencing instrument by selecting a value from the template pick list. If the information is unknown or cannot be provided, leave blank or provide a null value.	MiSeq
	Sequence information	sequencing_method	xs:token							The protocol or method used for sequencing.	Provide the name and version of the procedure or protocol used for sequencing. You can also provide a link to a protocol online.	https://www.protocols.io/view/ncov-2019-sequencing-protocol-bbmuik6w?version_warning=no
	Sequence information	r1_fastq_filename	xs:token							The user-specified filename of the r1 FASTQ file.	Provide the r1 FASTQ filename.	ABC123_S1_L001_R1_001.fastq.gz
	Sequence information	r1_fastq_filename	xs:token							The user-specified filename of the r2 FASTQ file.	Provide the r2 FASTQ filename.	ABC123_S1_L001_R2_001.fastq.gz
	Sequence information	fast5_filename	xs:token							The user-specified filename of the FAST5 file.	Provide the FAST5 filename.	batch1a_sequences.fast5
	Sequence information	assembly_filename	xs:token							The user-defined filename of the FASTA file.	Provide the FASTA filename.	pathogenassembly123.fasta
		Public repository information										
	Public repository information	publication_ID	xs:token							The identifier for a publication.	If the isolate is associated with a published work which can provide additional information, provide the PubMed identifier of the publication. Other types of identifiers (e.g. DOI) are also acceptable.	PMID: 33205991
	Public repository information	attribute_package	select							The attribute package used to structure metadata in an INSDC BioSample.	If the sample is from a specific human or animal, put “Pathogen.cl”. If the sample is from an environmental sample including food, feed, production facility, farm, water source, manure etc, put “Pathogen.env”.	Pathogen.env
	Public repository information	biosample_accession	xs:token							The identifier assigned to a BioSample in INSDC archives.	Store the accession returned from the BioSample submission. NCBI BioSamples will have the prefix SAMN, whileEMBL- EBI BioSamples will have the prefix SAMEA.	SAMN14180202
	Public repository information	SRA_accession	xs:token							The Sequence Read Archive (SRA), European Nucleotide Archive (ENA) or DDBJ Sequence Read Archive (DRA) identifier linking raw read data, methodological metadata and quality control metrics submitted to the INSDC.	Store the accession assigned to the submitted "run". NCBI-SRA accessions start with SRR, EBI-ENA runs start with ERR and DRA accessions start with DRR.	SRR11177792
	Public repository information	GenBank_accession	xs:token							The GenBank/ENA/DDBJ identifier assigned to the sequence in the INSDC archives.	Store the accession returned from a GenBank/ENA/DDBJ submission.	MN908947.3
		Risk assessment information										
	Risk assessment information	prevalence_metrics	select			recommended				Metrics regarding the prevalence of the pathogen of interest obtained from a surveillance project.	Risk assessment requires detailed information regarding the quantities of a pathogen in a specified location, commodity, or environment. As such, it is useful for risk assessors to know what types of information are available through documented methods and results. Provide the metric types that are available in the surveillance project sample plan by selecting them from the pick list. The metrics of interest are " Number of total samples collected", "Number of positive samples", "Average count of hazard organism", "Average count of indicator organism". You do not need to provide the actual values, just indicate that the information is available.	Number of total samples collected, Number of positive samples
	Risk assessment information	prevalence_metrics_details	xs:token			recommended				The details pertaining to the prevalence metrics from a surveillance project.	If there are details pertaining to samples or organism counts in the sample plan that might be informative, provide details using free text.	Hazard organism counts (i.e. Salmonella) do not distinguish between serovars.
	Risk assessment information	stage_of_production	select			recommended				The stage of food production.	Provide the stage of food production from which the sample was taken. Select a value form the pick list provided.	abattoir
	Risk assessment information	experimental_intervention	select			recommended				The category of the experimental intervention applied in the food production system.	In some surveys, a particular intervention in the food supply chain in studied. If there was an intervention specified in the sample plan, select the intervention category from the pick list provided.	Vaccination
	Risk assessment information	experiment_intervention_details	xs:token			recommended				The details of the experimental intervention applied in the food production system.	If an experimental intervention was applied in the survey, provide details in this field as free text.	
		Antimicrobial resistance										
	Antimicrobial resistance	AMR_laboratory_typing_method	xs:token							Type of method used for antibiotic susceptibility testing.	“MIC”, “agar dilution”, “disk diffusion”, or “missing”	MIC
	Antimicrobial resistance	AMR_laboratory_typing_platform	xs:token							The brand/platform used for antibiotic susceptibility testing	“Microscan”, “Phoenix”, “Sensititre”, or “Vitek”	Sensititre
	Antimicrobial resistance	AMR_laboratory_typing_platform_version	xs:token							The specific name and version of the plate, panel, or other platform used for antibiotic susceptibility testing.	Any additional information about the nature of the antimicrobial susceptibility test can go in this field.	CMV3AGNF
	Antimicrobial resistance	AMR_measurement_units	xs:token							Units used for measuring antibiotic susceptibility	“mg/L” or “mm”	mg/L
	Antimicrobial resistance	amoxicillin-clavulanic_acid_resistance_phenotype	xs:token							Antimicrobial resistance phenotype, as determined by the antibiotic susceptibility measurement and testing standard for this antibiotic	“resistant”, “susceptible”, “intermediate”, “nonsusceptible”, “suceptible-dose dependent”, or “not defined”	sensitive
	Antimicrobial resistance	amoxicillin-clavulanic_acid_measurement_sign	xs:token							Qualifier associated with the antibiotic susceptibility measurement	“<”, “<=”, “==”, “>=”, or “>". If the susceptibility measurement for this antibiotic and for this sample is exact, use “==”.	#ERROR!
	Antimicrobial resistance	amoxicillin-clavulanic_acid_measurement	xs:token							Antibiotic susceptibility measurement, measured in the units specified in the “AMR_measurement_units” field.	This field should only contain a number (either an integer or a number with decimals).	4
	Antimicrobial resistance	ampicillin_resistance_phenotype	xs:token									CLSI
	Antimicrobial resistance	ampicillin_measurement_sign	xs:token									M100
	Antimicrobial resistance	ampicillin_measurement	xs:token									27th ed. Wayne, PA: Clinical and Laboratory Standards Institute; 2017.
	Antimicrobial resistance	azithromycin_resistance_phenotype	xs:token									8
	Antimicrobial resistance	azithromycin_measurement_sign	xs:token									16
	Antimicrobial resistance	azithromycin_measurement	xs:token									32
	Antimicrobial resistance	cefoxitin_resistance_phenotype	xs:token									
	Antimicrobial resistance	cefoxitin_measurement_sign	xs:token									
	Antimicrobial resistance	cefoxitin_measurement	xs:token									
	Antimicrobial resistance	ceftriaxone_resistance_phenotype	xs:token									
	Antimicrobial resistance	ceftriaxone_measurement_sign	xs:token									
	Antimicrobial resistance	ceftriaxone_measurement	xs:token									
	Antimicrobial resistance	chloramphenicol_resistance_phenotype	xs:token									
	Antimicrobial resistance	chloramphenicol_measurement_sign	xs:token									
	Antimicrobial resistance	chloramphenicol_measurement	xs:token									
	Antimicrobial resistance	ciprofloxacin_resistance_phenotype	xs:token									
	Antimicrobial resistance	ciprofloxacin_measurement_sign	xs:token									
	Antimicrobial resistance	ciprofloxacin_measurement	xs:token									
	Antimicrobial resistance	gentamicin_resistance_phenotype	xs:token									
	Antimicrobial resistance	gentamicin_measurement_sign	xs:token									
	Antimicrobial resistance	gentamicin_measurement	xs:token									
	Antimicrobial resistance	meropenem_resistance_phenotype	xs:token									
	Antimicrobial resistance	meropenem_measurement_sign	xs:token									
	Antimicrobial resistance	meropenem_measurement	xs:token									
	Antimicrobial resistance	nalidixic_acid_resistance_phenotype	xs:token									
	Antimicrobial resistance	nalidixic_acid_measurement_sign	xs:token									
	Antimicrobial resistance	nalidixic_acid_measurement	xs:token									
	Antimicrobial resistance	streptomycin_resistance_phenotype	xs:token									
	Antimicrobial resistance	streptomycin_measurement_sign	xs:token									
	Antimicrobial resistance	streptomycin_measurement	xs:token									
	Antimicrobial resistance	sulfisoxazole_resistance_phenotype	xs:token									
	Antimicrobial resistance	sulfisoxazole_measurement_sign	xs:token									
	Antimicrobial resistance	sulfisoxazole_measurement	xs:token									
	Antimicrobial resistance	tetracycline_resistance_phenotype	xs:token									
	Antimicrobial resistance	tetracycline_measurement_sign	xs:token									
	Antimicrobial resistance	tetracycline_measurement	xs:token									
	Antimicrobial resistance	amoxicillin-clavulanic_acid_testing_standard	xs:token							Testing standard used for determination of resistance phenotype	“CLSI”, “NARMS”, “BSAC”, “DIN”, “EUCAST”, “NCCLS”, “SFM”, “SIR”, “WRG”, or “missing”	
	Antimicrobial resistance	amoxicillin-clavulanic_acid_testing_standard_version	xs:token							Version number associated with the testing standard used for determination of resistance phenotype	If applicable, include a version number for the testing standard used.	
	Antimicrobial resistance	amoxicillin-clavulanic_acid_testing_standard_details	xs:token							Additional details associated with the testing standard used for determination of resistance phenotype	This information may include the year or location where the testing standard was published. If not applicable, leave blank.	
	Antimicrobial resistance	amoxicillin-clavulanic_acid_susceptible_breakpoint	xs:token							Maximum measurement, in the units specified in the “AMR_measurement_units” field, for a sample to be considered “sensitive” to this antibiotic	This field should only contain a number (either an integer or a number with decimals), since the “<=” qualifier is implied.	
	Antimicrobial resistance	amoxicillin-clavulanic_acid_intermediate_breakpoint	xs:token							Intermediate measurement(s), in the units specified in the “AMR_measurement_units” field, where a sample would be considered to have an “intermediate” phenotype for this antibiotic		
	Antimicrobial resistance	amoxicillin-clavulanic_acid_resistant_breakpoint	xs:token							Minimum measurement, in the units specified in the “AMR_measurement_units” field, for a sample to be considered “resistant” to this antibiotic	This field should only contain a number (either an integer or a number with decimals), since the “>=” qualifier is implied.	
	Antimicrobial resistance	ampicillin_testing_standard	xs:token									
	Antimicrobial resistance	ampicillin_testing_standard_version	xs:token									
	Antimicrobial resistance	ampicillin_testing_standard_details	xs:token									
	Antimicrobial resistance	ampicillin_susceptible_breakpoint	xs:token									
	Antimicrobial resistance	ampicillin_intermediate_breakpoint	xs:token									
	Antimicrobial resistance	ampicillin_resistant_breakpoint	xs:token									
	Antimicrobial resistance	azithromycin_testing_standard	xs:token									
	Antimicrobial resistance	azithromycin_testing_standard_version	xs:token									
	Antimicrobial resistance	azithromycin_testing_standard_details	xs:token									
	Antimicrobial resistance	azithromycin_susceptible_breakpoint	xs:token									
	Antimicrobial resistance	azithromycin_intermediate_breakpoint	xs:token									
	Antimicrobial resistance	azithromycin_resistant_breakpoint	xs:token									
	Antimicrobial resistance	cefoxitin_testing_standard	xs:token									
	Antimicrobial resistance	cefoxitin_testing_standard_version	xs:token									
	Antimicrobial resistance	cefoxitin_testing_standard_details	xs:token									
	Antimicrobial resistance	cefoxitin_susceptible_breakpoint	xs:token									
	Antimicrobial resistance	cefoxitin_intermediate_breakpoint	xs:token									
	Antimicrobial resistance	cefoxitin_resistant_breakpoint	xs:token									
	Antimicrobial resistance	ceftriaxone_testing_standard	xs:token									
	Antimicrobial resistance	ceftriaxone_testing_standard_version	xs:token									
	Antimicrobial resistance	ceftriaxone_testing_standard_details	xs:token									
	Antimicrobial resistance	ceftriaxone_susceptible_breakpoint	xs:token									
	Antimicrobial resistance	ceftriaxone_intermediate_breakpoint	xs:token									
	Antimicrobial resistance	ceftriaxone_resistant_breakpoint	xs:token									
	Antimicrobial resistance	chloramphenicol_testing_standard	xs:token									
	Antimicrobial resistance	chloramphenicol_testing_standard_version	xs:token									
	Antimicrobial resistance	chloramphenicol_testing_standard_details	xs:token									
	Antimicrobial resistance	chloramphenicol_susceptible_breakpoint	xs:token									
	Antimicrobial resistance	chloramphenicol_intermediate_breakpoint	xs:token									
	Antimicrobial resistance	chloramphenicol_resistant_breakpoint	xs:token									
	Antimicrobial resistance	ciprofloxacin_testing_standard	xs:token									
	Antimicrobial resistance	ciprofloxacin_testing_standard_version	xs:token									
	Antimicrobial resistance	ciprofloxacin_testing_standard_details	xs:token									
	Antimicrobial resistance	ciprofloxacin_susceptible_breakpoint	xs:token									
	Antimicrobial resistance	ciprofloxacin_intermediate_breakpoint	xs:token									
	Antimicrobial resistance	ciprofloxacin_resistant_breakpoint	xs:token									
	Antimicrobial resistance	gentamicin_testing_standard	xs:token									
	Antimicrobial resistance	gentamicin_testing_standard_version	xs:token									
	Antimicrobial resistance	gentamicin_testing_standard_details	xs:token									
	Antimicrobial resistance	gentamicin_susceptible_breakpoint	xs:token									
	Antimicrobial resistance	gentamicin_intermediate_breakpoint	xs:token									
	Antimicrobial resistance	gentamicin_resistant_breakpoint	xs:token									
	Antimicrobial resistance	meropenem_testing_standard	xs:token									
	Antimicrobial resistance	meropenem_testing_standard_version	xs:token									
	Antimicrobial resistance	meropenem_testing_standard_details	xs:token									
	Antimicrobial resistance	meropenem_susceptible_breakpoint	xs:token									
	Antimicrobial resistance	meropenem_intermediate_breakpoint	xs:token									
	Antimicrobial resistance	meropenem_resistant_breakpoint	xs:token									
	Antimicrobial resistance	nalidixic_acid_testing_standard	xs:token									
	Antimicrobial resistance	nalidixic_acid_testing_standard_version	xs:token									
	Antimicrobial resistance	nalidixic_acid_testing_standard_details	xs:token									
	Antimicrobial resistance	nalidixic_acid_susceptible_breakpoint	xs:token									
	Antimicrobial resistance	nalidixic_acid_intermediate_breakpoint	xs:token									
	Antimicrobial resistance	nalidixic_acid_resistant_breakpoint	xs:token									
	Antimicrobial resistance	streptomycin_testing_standard	xs:token									
	Antimicrobial resistance	streptomycin_testing_standard_version	xs:token									
	Antimicrobial resistance	streptomycin_testing_standard_details	xs:token									
	Antimicrobial resistance	streptomycin_susceptible_breakpoint	xs:token									
	Antimicrobial resistance	streptomycin_intermediate_breakpoint	xs:token									
	Antimicrobial resistance	streptomycin_resistant_breakpoint	xs:token									
	Antimicrobial resistance	sulfisoxazole_testing_standard	xs:token									
	Antimicrobial resistance	sulfisoxazole_testing_standard_version	xs:token									
	Antimicrobial resistance	sulfisoxazole_testing_standard_details	xs:token									
	Antimicrobial resistance	sulfisoxazole_susceptible_breakpoint	xs:token									
	Antimicrobial resistance	sulfisoxazole_intermediate_breakpoint	xs:token									
	Antimicrobial resistance	sulfisoxazole_resistant_breakpoint	xs:token									
	Antimicrobial resistance	tetracycline_testing_standard	xs:token									
	Antimicrobial resistance	tetracycline_testing_standard_version	xs:token									
	Antimicrobial resistance	tetracycline_testing_standard_details	xs:token									
	Antimicrobial resistance	tetracycline_susceptible_breakpoint	xs:token									
	Antimicrobial resistance	tetracycline_intermediate_breakpoint	xs:token									
	Antimicrobial resistance	tetracycline_resistant_breakpoint	xs:token									
												
												
												
	purpose_of_sampling	Cluster/Outbreak investigation										
	purpose_of_sampling	Diagnostic testing										
	purpose_of_sampling	Research										
	purpose_of_sampling	Surveillance										
	purpose_of_sampling	Monitoring										
	purpose_of_sampling	Field experiment										
	purpose_of_sampling	Clinical trial										
	purpose_of_sampling	Environmental testing										
												
												
	purpose_of_sequencing	Cluster/Outbreak investigation										
	purpose_of_sequencing	Diagnostic testing										
	purpose_of_sequencing	Research										
	purpose_of_sequencing	Surveillance										
	purpose_of_sequencing	Monitoring										
	purpose_of_sequencing	Field experiment										
	purpose_of_sequencing	Clinical trial										
	purpose_of_sequencing	Environmental testing										
												
												
	sample_processing	Samples pooled										
	sample_processing	Isolated from single source										
												
												
	sequencing_platform	Illumina										
	sequencing_platform	Pacific Biosciences										
	sequencing_platform	Ion Torrent										
	sequencing_platform	Oxford Nanopore Technologies										
	sequencing_platform	BGI Genomics										
	sequencing_platform	MGI										
												
												
	sequencing_instrument	Illumina										
	sequencing_instrument	     Illumina Genome Analyzer										
	sequencing_instrument	     Illumina Genome Analyzer II										
	sequencing_instrument	     Illumina Genome Analyzer IIx										
	sequencing_instrument	     Illumina HiScanSQ										
	sequencing_instrument	     Illumina HiSeq										
	sequencing_instrument	          Illumina HiSeq X										
	sequencing_instrument	          Illumina HiSeq X Five 										
	sequencing_instrument	          Illumina HiSeq X Ten										
	sequencing_instrument	          Illumina HiSeq 1000										
	sequencing_instrument	          Illumina HiSeq 1500										
	sequencing_instrument	          Illumina HiSeq 2000   										
	sequencing_instrument	          Illumina HiSeq 2500										
	sequencing_instrument	          Illumina HiSeq 3000										
	sequencing_instrument	          Illumina HiSeq 4000										
	sequencing_instrument	     Illumina iSeq  										
	sequencing_instrument	          Illumina iSeq 100										
	sequencing_instrument	     Illumina NovaSeq  										
	sequencing_instrument	          Illumina NovaSeq 6000										
	sequencing_instrument	     Illumina MiniSeq										
	sequencing_instrument	     Illumina MiSeq										
	sequencing_instrument	     Illumina NextSeq										
	sequencing_instrument	          Illumina NextSeq 500										
	sequencing_instrument	          Illumina NextSeq 550										
	sequencing_instrument	          Illumina NextSeq 2000										
	sequencing_instrument	PacBio										
	sequencing_instrument	     PacBio RS 										
	sequencing_instrument	     PacBio RS II										
	sequencing_instrument	     PacBio Sequel										
	sequencing_instrument	     PacBio Sequel II										
	sequencing_instrument	Ion Torrent										
	sequencing_instrument	     Ion Torrent PGM										
	sequencing_instrument	     Ion Torrent Proton										
	sequencing_instrument	     Ion Torrent S5 XL										
	sequencing_instrument	     Ion Torrent S5										
	sequencing_instrument	Oxford Nanopore										
	sequencing_instrument	     Oxford Nanopore GridION										
	sequencing_instrument	     Oxford Nanopore MinION										
	sequencing_instrument	     Oxford Nanopore PromethION										
	sequencing_instrument	BGISEQ										
	sequencing_instrument	     BGISEQ-500										
	sequencing_instrument	DNBSEQ										
	sequencing_instrument	     DNBSEQ-T7										
	sequencing_instrument	     DNBSEQ-G400										
	sequencing_instrument	     DNBSEQ-G400 FAST										
	sequencing_instrument	     DNBSEQ-G50										
												
												
	experimental_activity	Antimicrobial pre-treatment										
	experimental_activity	Probiotic pre-treatment										
	experimental_activity	Microbial pre-treatment										
	experimental_activity	Genetic mutation										
												
												
	experimental_intervention	Addition of substances to food/water										
	experimental_intervention	Administration of drug										
	experimental_intervention	Administration of probiotic										
	experimental_intervention	Change in storage conditions										
	experimental_intervention	Cleaning/disinfection										
	experimental_intervention	Extended downtime between activities										
	experimental_intervention	Logistic slaughter										
	experimental_intervention	Vaccination										
												
												
	geo_loc_name (state/province/region)	Alberta										
	geo_loc_name (state/province/region)	British Columbia										
	geo_loc_name (state/province/region)	Manitoba										
	geo_loc_name (state/province/region)	New Brunswick										
	geo_loc_name (state/province/region)	Newfoundland and Labrador										
	geo_loc_name (state/province/region)	Northwest Territories										
	geo_loc_name (state/province/region)	Nova Scotia										
	geo_loc_name (state/province/region)	Nunavut										
	geo_loc_name (state/province/region)	Ontario										
	geo_loc_name (state/province/region)	Prince Edward Island										
	geo_loc_name (state/province/region)	Quebec										
	geo_loc_name (state/province/region)	Saskatchewan										
	geo_loc_name (state/province/region)	Yukon										
												
												
												
												
	geo_loc_name (country)	Afghanistan										
	geo_loc_name (country)	Albania										
	geo_loc_name (country)	Algeria										
	geo_loc_name (country)	American Samoa										
	geo_loc_name (country)	Andorra										
	geo_loc_name (country)	Angola										
	geo_loc_name (country)	Anguilla										
	geo_loc_name (country)	Antarctica										
	geo_loc_name (country)	Antigua and Barbuda										
	geo_loc_name (country)	Argentina										
	geo_loc_name (country)	Armenia										
	geo_loc_name (country)	Aruba										
	geo_loc_name (country)	Ashmore and Cartier Islands										
	geo_loc_name (country)	Australia										
	geo_loc_name (country)	Austria										
	geo_loc_name (country)	Azerbaijan										
	geo_loc_name (country)	Bahamas										
	geo_loc_name (country)	Bahrain										
	geo_loc_name (country)	Baker Island										
	geo_loc_name (country)	Bangladesh										
	geo_loc_name (country)	Barbados										
	geo_loc_name (country)	Bassas da India										
	geo_loc_name (country)	Belarus										
	geo_loc_name (country)	Belgium										
	geo_loc_name (country)	Belize										
	geo_loc_name (country)	Benin										
	geo_loc_name (country)	Bermuda										
	geo_loc_name (country)	Bhutan										
	geo_loc_name (country)	Bolivia										
	geo_loc_name (country)	Borneo										
	geo_loc_name (country)	Bosnia and Herzegovina										
	geo_loc_name (country)	Botswana										
	geo_loc_name (country)	Bouvet Island										
	geo_loc_name (country)	Brazil										
	geo_loc_name (country)	British Virgin Islands										
	geo_loc_name (country)	Brunei										
	geo_loc_name (country)	Bulgaria										
	geo_loc_name (country)	Burkina Faso										
	geo_loc_name (country)	Burundi										
	geo_loc_name (country)	Cambodia										
	geo_loc_name (country)	Cameroon										
	geo_loc_name (country)	Canada										
	geo_loc_name (country)	Cape Verde										
	geo_loc_name (country)	Cayman Islands										
	geo_loc_name (country)	Central African Republic										
	geo_loc_name (country)	Chad										
	geo_loc_name (country)	Chile										
	geo_loc_name (country)	China										
	geo_loc_name (country)	Christmas Island										
	geo_loc_name (country)	Clipperton Island										
	geo_loc_name (country)	Cocos Islands										
	geo_loc_name (country)	Colombia										
	geo_loc_name (country)	Comoros										
	geo_loc_name (country)	Cook Islands										
	geo_loc_name (country)	Coral Sea Islands										
	geo_loc_name (country)	Costa Rica										
	geo_loc_name (country)	Cote d'Ivoire										
	geo_loc_name (country)	Croatia										
	geo_loc_name (country)	Cuba										
	geo_loc_name (country)	Curacao										
	geo_loc_name (country)	Cyprus										
	geo_loc_name (country)	Czech Republic										
	geo_loc_name (country)	Democratic Republic of the Congo										
	geo_loc_name (country)	Denmark										
	geo_loc_name (country)	Djibouti										
	geo_loc_name (country)	Dominica										
	geo_loc_name (country)	Dominican Republic										
	geo_loc_name (country)	Ecuador										
	geo_loc_name (country)	Egypt										
	geo_loc_name (country)	El Salvador										
	geo_loc_name (country)	Equatorial Guinea										
	geo_loc_name (country)	Eritrea										
	geo_loc_name (country)	Estonia										
	geo_loc_name (country)	Eswatini										
	geo_loc_name (country)	Ethiopia										
	geo_loc_name (country)	Europa Island										
	geo_loc_name (country)	Falkland Islands (Islas Malvinas)										
	geo_loc_name (country)	Faroe Islands										
	geo_loc_name (country)	Fiji										
	geo_loc_name (country)	Finland										
	geo_loc_name (country)	France										
	geo_loc_name (country)	French Guiana										
	geo_loc_name (country)	French Polynesia										
	geo_loc_name (country)	French Southern and Antarctic Lands										
	geo_loc_name (country)	Gabon										
	geo_loc_name (country)	Gambia										
	geo_loc_name (country)	Gaza Strip										
	geo_loc_name (country)	Georgia										
	geo_loc_name (country)	Germany										
	geo_loc_name (country)	Ghana										
	geo_loc_name (country)	Gibraltar										
	geo_loc_name (country)	Glorioso Islands										
	geo_loc_name (country)	Greece										
	geo_loc_name (country)	Greenland										
	geo_loc_name (country)	Grenada										
	geo_loc_name (country)	Guadeloupe										
	geo_loc_name (country)	Guam										
	geo_loc_name (country)	Guatemala										
	geo_loc_name (country)	Guernsey										
	geo_loc_name (country)	Guinea										
	geo_loc_name (country)	Guinea-Bissau										
	geo_loc_name (country)	Guyana										
	geo_loc_name (country)	Haiti										
	geo_loc_name (country)	Heard Island and McDonald Islands										
	geo_loc_name (country)	Honduras										
	geo_loc_name (country)	Hong Kong										
	geo_loc_name (country)	Howland Island										
	geo_loc_name (country)	Hungary										
	geo_loc_name (country)	Iceland										
	geo_loc_name (country)	India										
	geo_loc_name (country)	Indonesia										
	geo_loc_name (country)	Iran										
	geo_loc_name (country)	Iraq										
	geo_loc_name (country)	Ireland										
	geo_loc_name (country)	Isle of Man										
	geo_loc_name (country)	Israel										
	geo_loc_name (country)	Italy										
	geo_loc_name (country)	Jamaica										
	geo_loc_name (country)	Jan Mayen										
	geo_loc_name (country)	Japan										
	geo_loc_name (country)	Jarvis Island										
	geo_loc_name (country)	Jersey										
	geo_loc_name (country)	Johnston Atoll										
	geo_loc_name (country)	Jordan										
	geo_loc_name (country)	Juan de Nova Island										
	geo_loc_name (country)	Kazakhstan										
	geo_loc_name (country)	Kenya										
	geo_loc_name (country)	Kerguelen Archipelago										
	geo_loc_name (country)	Kingman Reef										
	geo_loc_name (country)	Kiribati										
	geo_loc_name (country)	Kosovo										
	geo_loc_name (country)	Kuwait										
	geo_loc_name (country)	Kyrgyzstan										
	geo_loc_name (country)	Laos										
	geo_loc_name (country)	Latvia										
	geo_loc_name (country)	Lebanon										
	geo_loc_name (country)	Lesotho										
	geo_loc_name (country)	Liberia										
	geo_loc_name (country)	Libya										
	geo_loc_name (country)	Liechtenstein										
	geo_loc_name (country)	Line Islands										
	geo_loc_name (country)	Lithuania										
	geo_loc_name (country)	Luxembourg										
	geo_loc_name (country)	Macau										
	geo_loc_name (country)	Madagascar										
	geo_loc_name (country)	Malawi										
	geo_loc_name (country)	Malaysia										
	geo_loc_name (country)	Maldives										
	geo_loc_name (country)	Mali										
	geo_loc_name (country)	Malta										
	geo_loc_name (country)	Marshall Islands										
	geo_loc_name (country)	Martinique										
	geo_loc_name (country)	Mauritania										
	geo_loc_name (country)	Mauritius										
	geo_loc_name (country)	Mayotte										
	geo_loc_name (country)	Mexico										
	geo_loc_name (country)	Micronesia										
	geo_loc_name (country)	Midway Islands										
	geo_loc_name (country)	Moldova										
	geo_loc_name (country)	Monaco										
	geo_loc_name (country)	Mongolia										
	geo_loc_name (country)	Montenegro										
	geo_loc_name (country)	Montserrat										
	geo_loc_name (country)	Morocco										
	geo_loc_name (country)	Mozambique										
	geo_loc_name (country)	Myanmar										
	geo_loc_name (country)	Namibia										
	geo_loc_name (country)	Nauru										
	geo_loc_name (country)	Navassa Island										
	geo_loc_name (country)	Nepal										
	geo_loc_name (country)	Netherlands										
	geo_loc_name (country)	New Caledonia										
	geo_loc_name (country)	New Zealand										
	geo_loc_name (country)	Nicaragua										
	geo_loc_name (country)	Niger										
	geo_loc_name (country)	Nigeria										
	geo_loc_name (country)	Niue										
	geo_loc_name (country)	Norfolk Island										
	geo_loc_name (country)	North Korea										
	geo_loc_name (country)	North Macedonia										
	geo_loc_name (country)	North Sea										
	geo_loc_name (country)	Northern Mariana Islands										
	geo_loc_name (country)	Norway										
	geo_loc_name (country)	Oman										
	geo_loc_name (country)	Pakistan										
	geo_loc_name (country)	Palau										
	geo_loc_name (country)	Panama										
	geo_loc_name (country)	Papua New Guinea										
	geo_loc_name (country)	Paracel Islands										
	geo_loc_name (country)	Paraguay										
	geo_loc_name (country)	Peru										
	geo_loc_name (country)	Philippines										
	geo_loc_name (country)	Pitcairn Islands										
	geo_loc_name (country)	Poland										
	geo_loc_name (country)	Portugal										
	geo_loc_name (country)	Puerto Rico										
	geo_loc_name (country)	Qatar										
	geo_loc_name (country)	Republic of the Congo										
	geo_loc_name (country)	Reunion										
	geo_loc_name (country)	Romania										
	geo_loc_name (country)	Ross Sea										
	geo_loc_name (country)	Russia										
	geo_loc_name (country)	Rwanda										
	geo_loc_name (country)	Saint Helena										
	geo_loc_name (country)	Saint Kitts and Nevis										
	geo_loc_name (country)	Saint Lucia										
	geo_loc_name (country)	Saint Pierre and Miquelon										
	geo_loc_name (country)	Saint Martin										
	geo_loc_name (country)	Saint Vincent and the Grenadines										
	geo_loc_name (country)	Samoa										
	geo_loc_name (country)	San Marino										
	geo_loc_name (country)	Sao Tome and Principe										
	geo_loc_name (country)	Saudi Arabia										
	geo_loc_name (country)	Senegal										
	geo_loc_name (country)	Serbia										
	geo_loc_name (country)	Seychelles										
	geo_loc_name (country)	Sierra Leone										
	geo_loc_name (country)	Singapore										
	geo_loc_name (country)	Sint Maarten										
	geo_loc_name (country)	Slovakia										
	geo_loc_name (country)	Slovenia										
	geo_loc_name (country)	Solomon Islands										
	geo_loc_name (country)	Somalia										
	geo_loc_name (country)	South Africa										
	geo_loc_name (country)	South Georgia and the South Sandwich Islands										
	geo_loc_name (country)	South Korea										
	geo_loc_name (country)	South Sudan										
	geo_loc_name (country)	Spain										
	geo_loc_name (country)	Spratly Islands										
	geo_loc_name (country)	Sri Lanka										
	geo_loc_name (country)	State of Palestine										
	geo_loc_name (country)	Sudan										
	geo_loc_name (country)	Suriname										
	geo_loc_name (country)	Svalbard										
	geo_loc_name (country)	Swaziland										
	geo_loc_name (country)	Sweden										
	geo_loc_name (country)	Switzerland										
	geo_loc_name (country)	Syria										
	geo_loc_name (country)	Taiwan										
	geo_loc_name (country)	Tajikistan										
	geo_loc_name (country)	Tanzania										
	geo_loc_name (country)	Thailand										
	geo_loc_name (country)	Timor-Leste										
	geo_loc_name (country)	Togo										
	geo_loc_name (country)	Tokelau										
	geo_loc_name (country)	Tonga										
	geo_loc_name (country)	Trinidad and Tobago										
	geo_loc_name (country)	Tromelin Island										
	geo_loc_name (country)	Tunisia										
	geo_loc_name (country)	Turkey										
	geo_loc_name (country)	Turkmenistan										
	geo_loc_name (country)	Turks and Caicos Islands										
	geo_loc_name (country)	Tuvalu										
	geo_loc_name (country)	United States of America										
	geo_loc_name (country)	Uganda										
	geo_loc_name (country)	Ukraine										
	geo_loc_name (country)	United Arab Emirates										
	geo_loc_name (country)	United Kingdom										
	geo_loc_name (country)	Uruguay										
	geo_loc_name (country)	Uzbekistan										
	geo_loc_name (country)	Vanuatu										
	geo_loc_name (country)	Venezuela										
	geo_loc_name (country)	Viet Nam										
	geo_loc_name (country)	Virgin Islands										
	geo_loc_name (country)	Wake Island										
	geo_loc_name (country)	Wallis and Futuna										
	geo_loc_name (country)	West Bank										
	geo_loc_name (country)	Western Sahara										
	geo_loc_name (country)	Yemen										
	geo_loc_name (country)	Zambia										
	geo_loc_name (country)	Zimbabwe										
												
												
												
												
												
												
												
												
												
												
												
												
												
												
												
												
												
												