Ontology ID	parent class	label	datatype	source	data status	requirement	min value	max value	capitalize	pattern	description	guidance	examples
		sample identification											
		required where applicable											
		optional											
		required											
	sample identification	unique_ID	xs:unique			required					Unique ID	Field REQUIRED for ALL sample submission. Options: IGSN- http://www.geosamples.org/getigsn ; UUID- https://www.uuidgenerator.net/	{text}
	sample identification	samp_name	xs:token			required					Sample Name	ID that is present on the shipped sample. Human readable.	{text}
	sample identification	investigation_type	select			required					Analysis/Data Type	This field is constrained to contain only a set of limited terms (listed under Expected value) that indicate the types of data that were generated. Include all the data types, this field can have multiple values separated by a ;	drop down selection list
	sample identification	package	xs:token			required					Sample Type	MIxS Package	{text}
	sample identification	source_mat_id	xs:token			required					Source Material ID	A unique identifier assigned to an original material sample collected or to any derived sub-samples. The source material should be listed as a sample to inform details about parent material relationship.	{text}
	required	growth_facil	select			required					Growth Facility	Type of facility or location form where the sample was harvested	{text}|{termLabel} {[termID]}
	required	collection_date	xs:date			required					Collection Date		{timestamp}
	required	samp_mat_process	xs:token			required					Material Processing		{text}|{termLabel} {[termID]}
	required	store_cond	select			required					Storage Condition	Informs how your sample was stored	drop down selection list
	required	samp_store_temp	select			required					Storage temperature		drop down selection list
	required	samp_size	xs:token			required					Sample size		{value}{text}
	required where applicable	geo_loc_name	xs:token			required					Geographical Location Name		country or sea name; region or state; specific location
	required where applicable	lat_lon	xs:token			required					latitude, longitude		{latitude decimal; longitude decimal}
	required where applicable	elev	xs:decimal			required					elevation-meters		{value}
	required where applicable	depth	xs:token			required					depth-meters	When sample is collected with a ___ depth and homogenized, please report depth as a ____. (example, 0-10cm for soil collected from the surface to 10cm below and homogenized, or 10-20 for soil collected and homogenized from 10cm below the surface to 20cm).	{range value}
	required where applicable	chem_administration	xs:token			required					chemical administration/addition treatment		{termLabel} {[termID]}; {timestamp}
	required where applicable	watering_regm	xs:token			required					watering regimen/schedule treatment		{float} {unit};{Rn/start_time/end_time/duration}
	required where applicable	air_temp_regm	xs:token			required					air temperature regimen treatment		{float} {unit};{Rn/start_time/end_time/duration}
	required where applicable	gaseous_environment	xs:token			required					gas evironment/exposure treatment		{text};{float} {unit};{Rn/start_time/end_time/duration}
	required where applicable	isotope_exposure	xs:token			required					isotope exposure/addition treatment		{text}
	required where applicable	climate_environment	xs:token			required					climate environment treatment		{text};{Rn/start_time/end_time/duration}
	required where applicable	humidity_regm	xs:token			required					humidity regimen/adition treatment		{float} {unit};{Rn/start_time/end_time/duration}
	required where applicable	light_regm	xs:token			required					light regimen treatment		{text};{float} {unit};{float} {unit}
	required where applicable	biotic_regm	xs:token			required					biotic regimen/addition treatment		{text}
	required where applicable	other	xs:token			required					treatment-other details		{text}
	required where applicable	sieving	xs:token			required					Sieve Size		{value}{text}
	required where applicable	samp_collect_device	xs:token			required					sample collection device	Report dimensions and details when applicable	{text} dimensions
	required where applicable	alt	xs:decimal			required					altitude-meters		{value}
	required where applicable	other	xs:token			required					treatment-other details		{text}
	optional	alkalinity	xs:token							^[+-]?([0-9]*[.])?[0-9]+ \S+$	alkalinity		{float} {unit}
	optional	alkalinity_method	xs:token								alkalinity method		{text}
	optional	alkyl_diethers	xs:token							^[+-]?([0-9]*[.])?[0-9]+ \S+$	alkyl diethers		{float} {unit}
	optional	aminopept_act	xs:token							^[+-]?([0-9]*[.])?[0-9]+ \S+$	aminopeptidase activity		{float} {unit}
	optional	ammonium	xs:token							^[+-]?([0-9]*[.])?[0-9]+ \S+$	ammonium		{float} {unit}
	optional	bacteria_carb_prod	xs:token							^[+-]?([0-9]*[.])?[0-9]+ \S+$	bacterial carbon production		{float} {unit}
	optional	biomass	xs:token								biomass		biomass type {text};measurement value {float} {unit}
	optional	biotic_relationship	select								biotic relationship		enumeration
	optional	bishomohopanol	xs:token							^[+-]?([0-9]*[.])?[0-9]+ \S+$	bishomohopanol		{float} {unit}
	optional	bromide	xs:token							^[+-]?([0-9]*[.])?[0-9]+ \S+$	bromide		{float} {unit}
	optional	calcium	xs:token							^[+-]?([0-9]*[.])?[0-9]+ \S+$	calcium		{float} {unit}
	optional	carb_nitro_ratio	xs:token							^[+-]?([0-9]*[.])?[0-9]+ \S+$	carbon/nitrogen ratio		{float} {unit}
	required where applicable	chem_administration	xs:token			required					chemical administration/addition treatment		{termLabel} {[termID]}; {timestamp}
	optional	chloride	xs:token							^[+-]?([0-9]*[.])?[0-9]+ \S+$	chloride		{float} {unit}
	optional	chlorophyll	xs:token							^[+-]?([0-9]*[.])?[0-9]+ \S+$	chlorophyll		{float} {unit}
	optional	density	xs:token							^[+-]?([0-9]*[.])?[0-9]+ \S+$	density		{float} {unit}
	optional	diether_lipids	xs:token								diether lipids		diether lipid name {text}; measurement value {float} {unit}
	optional	diss_carb_dioxide	xs:token							^[+-]?([0-9]*[.])?[0-9]+ \S+$	dissolved carbon dioxide		{float} {unit}
	optional	diss_hydrogen	xs:token							^[+-]?([0-9]*[.])?[0-9]+ \S+$	dissolved hydrogen		{float} {unit}
	optional	diss_inorg_carb	xs:token							^[+-]?([0-9]*[.])?[0-9]+ \S+$	dissolved inorganic carbon		{float} {unit}
	optional	diss_org_carb	xs:token							^[+-]?([0-9]*[.])?[0-9]+ \S+$	dissolved organic carbon		{float} {unit}
	optional	diss_org_nitro	xs:token							^[+-]?([0-9]*[.])?[0-9]+ \S+$	dissolved organic nitrogen		{float} {unit}
	optional	diss_oxygen	xs:token							^[+-]?([0-9]*[.])?[0-9]+ \S+$	dissolved oxygen		{float} {unit}
	optional	extreme_event	xs:date								history/extreme events		{timestamp}
	optional	fire	xs:date								history/fire		{timestamp}
	optional	flooding	xs:date								history/flooding		{timestamp}
	optional	glucosidase_act	xs:token							^[+-]?([0-9]*[.])?[0-9]+ \S+$	glucosidase activity		{float} {unit}
	optional	magnesium	xs:token							^[+-]?([0-9]*[.])?[0-9]+ \S+$	magnesium		{float} {unit}
	optional	mean_frict_vel	xs:token							^[+-]?([0-9]*[.])?[0-9]+ \S+$	mean friction velocity		{float} {unit}
	optional	mean_peak_frict_vel	xs:token							^[+-]?([0-9]*[.])?[0-9]+ \S+$	mean peak friction velocity		{float} {unit}
	optional	methane	xs:token							^[+-]?([0-9]*[.])?[0-9]+ \S+$	methane		{float} {unit}
	optional	microbial_biomass	xs:token							^[+-]?([0-9]*[.])?[0-9]+ \S+$	microbial biomass		{float} {unit}
	optional	microbial_biomass_meth	xs:token								microbial biomass method		{PMID}|{DOI}|{URL}
	optional	misc_param	xs:token								miscellaneous parameter		parameter name {text}; measurement value {float} {unit}
	optional	n_alkanes	xs:token								n-alkanes		n-alkane name {text}; measurement value {value} {unit}
	optional	nitrate	xs:token							^[+-]?([0-9]*[.])?[0-9]+ \S+$	nitrate		{float} {unit}
	optional	nitrite	xs:token							^[+-]?([0-9]*[.])?[0-9]+ \S+$	nitrite		{float} {unit}
	optional	nitro	xs:token							^[+-]?([0-9]*[.])?[0-9]+ \S+$	nitrogen		{float} {unit}
	optional	org_carb	xs:token							^[+-]?([0-9]*[.])?[0-9]+ \S+$	organic carbon		{float} {unit}
	optional	org_matter	xs:token							^[+-]?([0-9]*[.])?[0-9]+ \S+$	organic matter		{float} {unit}
	optional	org_nitro	xs:token							^[+-]?([0-9]*[.])?[0-9]+ \S+$	organic nitrogen		{float} {unit}
	optional	organism_count	xs:token								organism count		organism name {text}; measurement value {value} {unit}; enumeration [qPCR|ATP|MPN|other]
	optional	oxy_stat_samp	select								oxygenation status of sample		enumeration
	optional	part_org_carb	xs:token							^[+-]?([0-9]*[.])?[0-9]+ \S+$	particulate organic carbon		{float} {unit}
	optional	particle_class	xs:token								particle classification		particle name {text}; measurement value {float} {unit}
	optional	perturbation	xs:token								perturbation		perturbation type name {text}; perturbation interval and duration {Rn/start_time/end_time/duration}
	optional	petroleum_hydrocarb	xs:token							^[+-]?([0-9]*[.])?[0-9]+ \S+$	petroleum hydrocarbon		{float} {unit}
	optional	ph	xs:decimal								pH		{float}
	optional	ph_meth	xs:token								pH method		{PMID}|{DOI}|{URL}
	optional	phaeopigments	xs:token								phaeopigments		phaeopigment name {text}; measurement value {float} {unit}
	optional	phosphate	xs:token							^[+-]?([0-9]*[.])?[0-9]+ \S+$	phosphate		{float} {unit}
	optional	phosplipid_fatt_acid	xs:token								phospholipid fatty acid		phospholipid fatty acid name {text}; measurement value {float} {unit}
	optional	porosity	xs:token								porosity		{float} - {float} {unit}
	optional	potassium	xs:token							^[+-]?([0-9]*[.])?[0-9]+ \S+$	potassium		{float} {unit}
	optional	pressure	xs:token							^[+-]?([0-9]*[.])?[0-9]+ \S+$	pressure		{float} {unit}
	optional	redox_potential	xs:token							^[+-]?([0-9]*[.])?[0-9]+ \S+$	redox potential		{float} {unit}
	optional	salinity	xs:token							^[+-]?([0-9]*[.])?[0-9]+ \S+$	salinity		{float} {unit}
	optional	sediment_type	select								sediment type		enumeration
	optional	silicate	xs:token							^[+-]?([0-9]*[.])?[0-9]+ \S+$	silicate		{float} {unit}
	optional	sodium	xs:token							^[+-]?([0-9]*[.])?[0-9]+ \S+$	sodium		{float} {unit}
	optional	sulfate	xs:token							^[+-]?([0-9]*[.])?[0-9]+ \S+$	sulfate		{float} {unit}
	optional	sulfide	xs:token							^[+-]?([0-9]*[.])?[0-9]+ \S+$	sulfide		{float} {unit}
	optional	temp	xs:token							^[+-]?([0-9]*[.])?[0-9]+ \S+$	temperature		{float} {unit}
	optional	tidal_stage	select								tidal stage		enumeration
	optional	tot_carb	xs:token							^[+-]?([0-9]*[.])?[0-9]+ \S+$	total carbon		{float} {unit}
	optional	tot_depth_water_col	xs:token							^[+-]?([0-9]*[.])?[0-9]+ \S+$	total depth of water column		{float} {unit}
	optional	tot_nitro_content	xs:token							^[+-]?([0-9]*[.])?[0-9]+ \S+$	total nitrogen content		{float} {unit}
	optional	tot_n_meth	xs:token								total nitrogen content method		{PMID}|{DOI}|{URL}
	optional	tot_org_c_meth	xs:token								total organic carbon method		{PMID}|{DOI}|{URL}
	optional	tot_org_carb	xs:token							^[+-]?([0-9]*[.])?[0-9]+ \S+$	total organic carbon		{float} {unit}
	optional	turbidity	xs:token							^[+-]?([0-9]*[.])?[0-9]+ \S+$	turbidity		{float} {unit}
	optional	water_content	xs:decimal								water content		{float}
	optional	water_cont_soil_meth	xs:token								water content method		{PMID}|{DOI}|{URL}
	investigation_type	chemical speciation/mapping											
	investigation_type	genome											
	investigation_type	imaging- electron											
	investigation_type	imaging- ion											
	investigation_type	imaging- light											
	investigation_type	lipidome											
	investigation_type	metabolome											
	investigation_type	molecular structure											
	investigation_type	organic matter											
	investigation_type	proteome											
	investigation_type	transcriptome											
	growth_facil	experimental_garden											
	growth_facil	field											
	growth_facil	field_incubation											
	growth_facil	greenhouse											
	growth_facil	growth_chamber											
	growth_facil	lab_incubation											
	growth_facil	open_top_chamber											
	growth_facil	other											
	store_cond	fresh											
	store_cond	frozen											
	store_cond	lyophilized											
	store_cond	other											
	samp_store_temp	-20 degree Celsius											
	samp_store_temp	-80 degree Celsius											
	samp_store_temp	4 degree Celsius											
	samp_store_temp	other											
	samp_store_temp	room temperature											
	biotic_relationship	commensalism											
	biotic_relationship	free living											
	biotic_relationship	mutualism											
	biotic_relationship	parasitism											
	biotic_relationship	symbiotic											
	oxy_stat_samp	aerobic											
	oxy_stat_samp	anaerobic											
	oxy_stat_samp	anoxic											
	oxy_stat_samp	facultative											
	oxy_stat_samp	microaerophilic											
	oxy_stat_samp	microanaerobe											
	oxy_stat_samp	obligate aerobe											
	oxy_stat_samp	obligate anaerobe											
	sediment_type	biogenous											
	sediment_type	cosmogenous											
	sediment_type	hydrogenous											
	sediment_type	lithogenous											
	tidal_stage	ebb tide											
	tidal_stage	flood tide											
	tidal_stage	high tide											
	tidal_stage	low tide											
