Ontology ID	parent class	label	datatype	requirement	description	examples	guidance	source	data status	min value	max value	capitalize
		NMDC slots										
	NMDC slots	id	xs:token	required	A unique identifier for a thing. Must be either a CURIE shorthand for a URI or a complete URI							
	NMDC slots	identifier	xs:token	required	 							
	NMDC slots	name	xs:token	required	A human readable label for an entity							
	NMDC slots	ncbi_taxonomy_name	xs:token	required	 							
	NMDC slots	env_package	xs:token	required	"MIxS extension for reporting of measurements and observations obtained from one or more of the environments where the sample was obtained. All environmental packages listed here are further defined in separate subtables. By giving the name of the environmental package, a selection of fields can be made from the subtables and can be reported"	soil	Expected value: enumeration. Position: 13.0					
	NMDC slots	samp_mat_process	xs:token	required	"A brief description of any processing applied to the sample during or after retrieving the sample from environment, or a link to the relevant protocol(s) performed."	"filtering of seawater, storing samples in ethanol"	Expected value: text. Position: 32.0					
	NMDC slots	ecosystem	xs:token	required	TODO							
	NMDC slots	ecosystem_category	xs:token	required	TODO							
	NMDC slots	ecosystem_type	xs:token	required	TODO							
	NMDC slots	ecosystem_subtype	xs:token	required	TODO							
	NMDC slots	specific_ecosystem	xs:token	required	TODO							
	NMDC slots	Study IDs	xs:token	recommended	|-seperated list of NMDC study identifiers							
		environment field										
		core field										
MIXS:0000421	core field	alkalinity	xs:token		"Alkalinity, the ability of a solution to neutralize acids to the equivalence point of carbonate or bicarbonate"	50 milligram per liter	"Expected value: measurement value. Preferred unit: milliequivalent per liter, milligram per liter. Occurrence: 1. Position: 56.0. This field is used in: 7 packages: hydrocarbon resources-cores, hydrocarbon resources-fluids_swabs, microbial mat_biofilm, miscellaneous natural or artificial environment, sediment, wastewater_sludge, water"					
MIXS:0000298	core field	alkalinity_method	xs:token		Method used for alkalinity measurement	titration	"Expected value: description of method. Occurrence: 1. Position: 57.0. This field is used in: 3 packages: hydrocarbon resources-cores, hydrocarbon resources-fluids_swabs, water"					
MIXS:0000490	core field	alkyl_diethers	xs:token		Concentration of alkyl diethers	0.005 mole per liter	"Expected value: measurement value. Preferred unit: mole per liter. Occurrence: 1. Position: 1.0. This field is used in: 3 packages: microbial mat_biofilm, sediment, water"					
MIXS:0000094	environment field	alt	xs:token		"Altitude is a term used to identify heights of objects such as airplanes, space shuttles, rockets, atmospheric balloons and heights of places such as atmospheric layers and clouds. It is used to measure the height of an object which is above the earth's surface. In this context, the altitude measurement is the vertical distance between the earth's surface above sea level and the sampled position in the air"	100 meter	"Expected value: measurement value. This field is used in: 3 packages: air, host-associated, miscellaneous natural or artificial environment"					
MIXS:0000172	core field	aminopept_act	xs:token		Measurement of aminopeptidase activity	0.269 mole per liter per hour	"Expected value: measurement value. Preferred unit: mole per liter per hour. Occurrence: 1. Position: 1.0. This field is used in: 3 packages: microbial mat_biofilm, sediment, water"					
MIXS:0000427	core field	ammonium	xs:token		Concentration of ammonium in the sample	1.5 milligram per liter	"Expected value: measurement value. Preferred unit: micromole per liter, milligram per liter, parts per million. Occurrence: 1. Position: 63.0. This field is used in: 6 packages: hydrocarbon resources-cores, hydrocarbon resources-fluids_swabs, microbial mat_biofilm, miscellaneous natural or artificial environment, sediment, water"					
MIXS:0001097	core field	atmospheric_data	xs:token		Measurement of atmospheric data; can include multiple data	wind speed;9 knots	Expected value: atmospheric data name;measurement value. Occurrence: m. Position: 1.0. This field is used uniquely in: water					
MIXS:0000683	core field	bac_prod	xs:token		Bacterial production in the water column measured by isotope uptake	5 milligram per cubic meter per day	Expected value: measurement value. Preferred unit: milligram per cubic meter per day. Occurrence: 1. Position: 1.0. This field is used uniquely in: water					
MIXS:0000684	core field	bac_resp	xs:token		Measurement of bacterial respiration in the water column	300 micromole oxygen per liter per hour	"Expected value: measurement value. Preferred unit: milligram per cubic meter per day, micromole oxygen per liter per hour. Occurrence: 1. Position: 1.0. This field is used uniquely in: water"					
MIXS:0000173	core field	bacteria_carb_prod	xs:token		Measurement of bacterial carbon production	2.53 microgram per liter per hour	"Expected value: measurement value. Preferred unit: nanogram per hour. Occurrence: 1. Position: 1.0. This field is used in: 3 packages: microbial mat_biofilm, sediment, water"					
MIXS:0000174	core field	biomass	xs:token		"Amount of biomass; should include the name for the part of biomass measured, e.g. Microbial, total. Can include multiple measurements"	total;20 gram	"Expected value: biomass type;measurement value. Preferred unit: ton, kilogram, gram. Occurrence: m. Position: 1.0. This field is used in: 4 packages: microbial mat_biofilm, miscellaneous natural or artificial environment, sediment, water"					
MIXS:0000175	core field	bishomohopanol	xs:token		Concentration of bishomohopanol	14 microgram per liter	"Expected value: measurement value. Preferred unit: microgram per liter, microgram per gram. Occurrence: 1. Position: 1.0. This field is used in: 3 packages: microbial mat_biofilm, sediment, water"					
MIXS:0000176	core field	bromide	xs:token		Concentration of bromide	0.05 parts per million	"Expected value: measurement value. Preferred unit: parts per million. Occurrence: 1. Position: 1.0. This field is used in: 4 packages: microbial mat_biofilm, miscellaneous natural or artificial environment, sediment, water"					
MIXS:0000432	core field	calcium	xs:token		Concentration of calcium in the sample	0.2 micromole per liter	"Expected value: measurement value. Preferred unit: milligram per liter, micromole per liter, parts per million. Occurrence: 1. Position: 70.0. This field is used in: 6 packages: hydrocarbon resources-cores, hydrocarbon resources-fluids_swabs, microbial mat_biofilm, miscellaneous natural or artificial environment, sediment, water"					
MIXS:0000310	core field	carb_nitro_ratio	xs:token		Ratio of amount or concentrations of carbon to nitrogen	0.417361111	"Expected value: measurement value. Occurrence: 1. Position: 1.0. This field is used in: 3 packages: microbial mat_biofilm, sediment, water"					
MIXS:0000751	core field	chem_administration	xs:token		"List of chemical compounds administered to the host or site where sampling occurred, and when (e.g. Antibiotics, n fertilizer, air filter); can include multiple compounds. For chemical entities of biological interest ontology (chebi) (v 163), http://purl.bioontology.org/ontology/chebi"	agar [CHEBI:2509];2018-05-11T20:00Z	"Expected value: CHEBI;timestamp. Occurrence: m. Position: 1.0. This field is used in: 13 packages: air, host-associated, human-associated, human-gut, human-oral, human-skin, human-vaginal, microbial mat_biofilm, miscellaneous natural or artificial environment, plant-associated, sediment, wastewater_sludge, water"					
MIXS:0000429	core field	chloride	xs:token		Concentration of chloride in the sample	5000 milligram per liter	"Expected value: measurement value. Preferred unit: milligram per liter, parts per million. Occurrence: 1. Position: 67.0. This field is used in: 6 packages: hydrocarbon resources-cores, hydrocarbon resources-fluids_swabs, microbial mat_biofilm, miscellaneous natural or artificial environment, sediment, water"					
MIXS:0000177	core field	chlorophyll	xs:token		Concentration of chlorophyll	5 milligram per cubic meter	"Expected value: measurement value. Preferred unit: milligram per cubic meter, microgram per liter. Occurrence: 1. Position: 1.0. This field is used in: 4 packages: microbial mat_biofilm, miscellaneous natural or artificial environment, sediment, water"					
MIXS:0000011	environment field	collection_date	xs:date	required	"The time of sampling, either as an instance (single point in time) or interval. In case no exact time is available, the date/time can be right truncated i.e. all of these are valid times: 2008-01-23T19:23:10+00:00; 2008-01-23T19:23:10; 2008-01-23; 2008-01; 2008; Except: 2008-01; 2008 all are ISO8601 compliant"	2018-05-11T10:00:00+01:00; 2018-05-11	Expected value: date and time. Position: 9.0					
MIXS:0000692	core field	conduc	xs:token		Electrical conductivity of water	10 milliSiemens per centimeter	Expected value: measurement value. Preferred unit: milliSiemens per centimeter. Occurrence: 1. Position: 1.0. This field is used uniquely in: water					
MIXS:0000435	core field	density	xs:token		"Density of the sample, which is its mass per unit volume (aka volumetric mass density)"	1000 kilogram per cubic meter	"Expected value: measurement value. Preferred unit: gram per cubic meter, gram per cubic centimeter. Occurrence: 1. Position: 77.0. This field is used in: 5 packages: hydrocarbon resources-cores, hydrocarbon resources-fluids_swabs, miscellaneous natural or artificial environment, sediment, water"					
MIXS:0000018	environment field	depth	xs:token	required	"The vertical distance below local surface, e.g. for sediment or soil samples depth is measured from sediment or soil surface, respectively. Depth can be reported as an interval for subsurface samples."	10 meter	"Expected value: measurement value. Position: 6.0. This field is used in: 8 packages: host-associated, microbial mat_biofilm, miscellaneous natural or artificial environment, plant-associated, sediment, soil, wastewater_sludge, water"					
MIXS:0000178	core field	diether_lipids	xs:token		Concentration of diether lipids; can include multiple types of diether lipids	0.2 nanogram per liter	"Expected value: diether lipid name;measurement value. Preferred unit: nanogram per liter. Occurrence: m. Position: 1.0. This field is used in: 4 packages: microbial mat_biofilm, miscellaneous natural or artificial environment, sediment, water"					
MIXS:0000436	core field	diss_carb_dioxide	xs:token		Concentration of dissolved carbon dioxide in the sample or liquid portion of the sample	5 milligram per liter	"Expected value: measurement value. Preferred unit: micromole per liter, milligram per liter. Occurrence: 1. Position: 78.0. This field is used in: 6 packages: hydrocarbon resources-cores, hydrocarbon resources-fluids_swabs, microbial mat_biofilm, miscellaneous natural or artificial environment, sediment, water"					
MIXS:0000179	core field	diss_hydrogen	xs:token		Concentration of dissolved hydrogen	0.3 micromole per liter	"Expected value: measurement value. Preferred unit: micromole per liter. Occurrence: 1. Position: 1.0. This field is used in: 4 packages: microbial mat_biofilm, miscellaneous natural or artificial environment, sediment, water"					
MIXS:0000434	core field	diss_inorg_carb	xs:token		"Dissolved inorganic carbon concentration in the sample, typically measured after filtering the sample using a 0.45 micrometer filter"	2059 micromole per kilogram	"Expected value: measurement value. Preferred unit: microgram per liter, milligram per liter, parts per million. Occurrence: 1. Position: 73.0. This field is used in: 6 packages: hydrocarbon resources-cores, hydrocarbon resources-fluids_swabs, microbial mat_biofilm, miscellaneous natural or artificial environment, sediment, water"					
MIXS:0000698	core field	diss_inorg_nitro	xs:token		Concentration of dissolved inorganic nitrogen	761 micromole per liter	"Expected value: measurement value. Preferred unit: microgram per liter, micromole per liter. Occurrence: 1. Position: 1.0. This field is used uniquely in: water"					
MIXS:0000106	core field	diss_inorg_phosp	xs:token		Concentration of dissolved inorganic phosphorus in the sample	56.5 micromole per liter	"Expected value: measurement value. Preferred unit: microgram per liter, milligram per liter, parts per million. Occurrence: 1. Position: 74.0. This field is used in: 3 packages: hydrocarbon resources-cores, hydrocarbon resources-fluids_swabs, water"					
MIXS:0000433	core field	diss_org_carb	xs:token		"Concentration of dissolved organic carbon in the sample, liquid portion of the sample, or aqueous phase of the fluid"	197 micromole per liter	"Expected value: measurement value. Preferred unit: micromole per liter, milligram per liter. Occurrence: 1. Position: 72.0. This field is used in: 5 packages: hydrocarbon resources-cores, hydrocarbon resources-fluids_swabs, microbial mat_biofilm, sediment, water"					
MIXS:0000162	core field	diss_org_nitro	xs:token		Dissolved organic nitrogen concentration measured as; total dissolved nitrogen - NH4 - NO3 - NO2	0.05 micromole per liter	"Expected value: measurement value. Preferred unit: microgram per liter, milligram per liter. Occurrence: 1. Position: 1.0. This field is used in: 4 packages: microbial mat_biofilm, miscellaneous natural or artificial environment, sediment, water"					
MIXS:0000119	core field	diss_oxygen	xs:token		Concentration of dissolved oxygen	175 micromole per kilogram	"Expected value: measurement value. Preferred unit: micromole per kilogram, milligram per liter. Occurrence: 1. Position: 1.0. This field is used in: 4 packages: microbial mat_biofilm, miscellaneous natural or artificial environment, sediment, water"					
MIXS:0000703	core field	down_par	xs:token		Visible waveband radiance and irradiance measurements in the water column	28.71 microEinstein per square meter per second	"Expected value: measurement value. Preferred unit: microEinstein per square meter per second, microEinstein per square centimeter per second. Occurrence: 1. Position: 1.0. This field is used uniquely in: water"					
MIXS:0000093	environment field	elev	xs:token	required	"Elevation of the sampling site is its height above a fixed reference point, most commonly the mean sea level. Elevation is mainly used when referring to points on the earth's surface, while altitude is used for points above the surface, such as an aircraft in flight or a spacecraft in orbit."	100 meter	"Expected value: measurement value. Position: 7.0. This field is used in: 9 packages: air, host-associated, hydrocarbon resources-cores, microbial mat_biofilm, miscellaneous natural or artificial environment, plant-associated, sediment, soil, water"					
MIXS:0000012	environment field	env_broad_scale	select	required	"Report the major environmental system the sample or specimen came from. The system(s) identified should have a coarse spatial grain, to provide the general environmental context of where the sampling was done (e.g. in the desert or a rainforest). We recommend using subclasses of EnvOs biome class:  http://purl.obolibrary.org/obo/ENVO_00000428. EnvO documentation about how to use the field: https://github.com/EnvironmentOntology/envo/wiki/Using-ENVO-with-MIxS"	oceanic epipelagic zone biome [ENVO:01000033] for annotating a water sample from the photic zone in middle of the Atlantic Ocean	Expected value: The major environment type(s) where the sample was collected. Recommend subclasses of biome [ENVO:00000428]. Multiple terms can be separated by one or more pipes.. Position: 10.0					
MIXS:0000013	environment field	env_local_scale	select	required	"Report the entity or entities which are in the sample or specimens local vicinity and which you believe have significant causal influences on your sample or specimen. We recommend using EnvO terms which are of smaller spatial grain than your entry for env_broad_scale. Terms, such as anatomical sites, from other OBO Library ontologies which interoperate with EnvO (e.g. UBERON) are accepted in this field. EnvO documentation about how to use the field: https://github.com/EnvironmentOntology/envo/wiki/Using-ENVO-with-MIxS"	litter layer [ENVO:01000338]; Annotating a pooled sample taken from various vegetation layers in a forest consider: canopy [ENVO:00000047]|herb and fern layer [ENVO:01000337]|litter layer [ENVO:01000338]|understory [01000335]|shrub layer [ENVO:01000336].	Expected value: Environmental entities having causal influences upon the entity at time of sampling.. Position: 11.0					
MIXS:0000014	environment field	env_medium	select	required	"Report the environmental material(s) immediately surrounding the sample or specimen at the time of sampling. We recommend using subclasses of 'environmental material' (http://purl.obolibrary.org/obo/ENVO_00010483). EnvO documentation about how to use the field: https://github.com/EnvironmentOntology/envo/wiki/Using-ENVO-with-MIxS . Terms from other OBO ontologies are permissible as long as they reference mass/volume nouns (e.g. air, water, blood) and not discrete, countable entities (e.g. a tree, a leaf, a table top)."	"soil [ENVO:00001998]; Annotating a fish swimming in the upper 100 m of the Atlantic Ocean, consider: ocean water [ENVO:00002151]. Example: Annotating a duck on a pond consider: pond water [ENVO:00002228]|air [ENVO_00002005]"	Expected value: The material displaced by the entity at time of sampling. Recommend subclasses of environmental material [ENVO:00010483].. Position: 12.0					
MIXS:0000704	core field	fluor	xs:token		Raw or converted fluorescence of water	2.5 volts	"Expected value: measurement value. Preferred unit: milligram chlorophyll a per cubic meter, volts. Occurrence: 1. Position: 1.0. This field is used uniquely in: water"					
MIXS:0000010	environment field	geo_loc_name	xs:token	required	"The geographical origin of the sample as defined by the country or sea name followed by specific region name. Country or sea names should be chosen from the INSDC country list (http://insdc.org/country.html), or the GAZ ontology (http://purl.bioontology.org/ontology/GAZ)"	"USA: Maryland, Bethesda"	"Expected value: country or sea name (INSDC or GAZ): region(GAZ), specific location name. Position: 8.0"					
MIXS:0000137	core field	glucosidase_act	xs:token		Measurement of glucosidase activity	5 mol per liter per hour	"Expected value: measurement value. Preferred unit: mol per liter per hour. Occurrence: 1. Position: 1.0. This field is used in: 3 packages: microbial mat_biofilm, sediment, water"					
MIXS:0000009	environment field	lat_lon	xs:token	required	The geographical origin of the sample as defined by latitude and longitude. The values should be reported in decimal degrees and in WGS84 system	50.586825 6.408977	"Expected value: decimal degrees,  limit to 8 decimal points. Position: 5.0"					
MIXS:0000706	core field	light_intensity	xs:token		Measurement of light intensity	0.3 lux	Expected value: measurement value. Preferred unit: lux. Occurrence: 1. Position: 1.0. This field is used uniquely in: water					
MIXS:0000431	core field	magnesium	xs:token		Concentration of magnesium in the sample	52.8 micromole per kilogram	"Expected value: measurement value. Preferred unit: mole per liter, milligram per liter, parts per million, micromole per kilogram. Occurrence: 1. Position: 69.0. This field is used in: 5 packages: hydrocarbon resources-cores, hydrocarbon resources-fluids_swabs, microbial mat_biofilm, sediment, water"					
MIXS:0000498	core field	mean_frict_vel	xs:token		Measurement of mean friction velocity	0.5 meter per second	"Expected value: measurement value. Preferred unit: meter per second. Occurrence: 1. Position: 1.0. This field is used in: 3 packages: microbial mat_biofilm, sediment, water"					
MIXS:0000502	core field	mean_peak_frict_vel	xs:token		Measurement of mean peak friction velocity	1 meter per second	"Expected value: measurement value. Preferred unit: meter per second. Occurrence: 1. Position: 1.0. This field is used in: 3 packages: microbial mat_biofilm, sediment, water"					
MIXS:0000752	core field	misc_param	xs:token		"Any other measurement performed or parameter collected, that is not listed here"	Bicarbonate ion concentration;2075 micromole per kilogram	"Expected value: parameter name;measurement value. Occurrence: m. Position: 1.0. This field is used in: 16 packages: air, host-associated, human-associated, human-gut, human-oral, human-skin, human-vaginal, hydrocarbon resources-cores, hydrocarbon resources-fluids_swabs, microbial mat_biofilm, miscellaneous natural or artificial environment, plant-associated, sediment, soil, wastewater_sludge, water"					
MIXS:0000503	core field	n_alkanes	xs:token		Concentration of n-alkanes; can include multiple n-alkanes	n-hexadecane;100 milligram per liter	"Expected value: n-alkane name;measurement value. Preferred unit: micromole per liter. Occurrence: m. Position: 1.0. This field is used in: 3 packages: microbial mat_biofilm, sediment, water"					
MIXS:0000425	core field	nitrate	xs:token		Concentration of nitrate in the sample	65 micromole per liter	"Expected value: measurement value. Preferred unit: micromole per liter, milligram per liter, parts per million. Occurrence: 1. Position: 61.0. This field is used in: 7 packages: hydrocarbon resources-cores, hydrocarbon resources-fluids_swabs, microbial mat_biofilm, miscellaneous natural or artificial environment, sediment, wastewater_sludge, water"					
MIXS:0000426	core field	nitrite	xs:token		Concentration of nitrite in the sample	0.5 micromole per liter	"Expected value: measurement value. Preferred unit: micromole per liter, milligram per liter, parts per million. Occurrence: 1. Position: 62.0. This field is used in: 6 packages: hydrocarbon resources-cores, hydrocarbon resources-fluids_swabs, microbial mat_biofilm, miscellaneous natural or artificial environment, sediment, water"					
MIXS:0000504	core field	nitro	xs:token		Concentration of nitrogen (total)	4.2 micromole per liter	"Expected value: measurement value. Preferred unit: micromole per liter. Occurrence: 1. Position: 1.0. This field is used in: 4 packages: microbial mat_biofilm, miscellaneous natural or artificial environment, sediment, water"					
MIXS:0000508	core field	org_carb	xs:token		Concentration of organic carbon	1.5 microgram per liter	"Expected value: measurement value. Preferred unit: micromole per liter. Occurrence: 1. Position: 1.0. This field is used in: 4 packages: microbial mat_biofilm, miscellaneous natural or artificial environment, sediment, water"					
MIXS:0000204	core field	org_matter	xs:token		Concentration of organic matter	1.75 milligram per cubic meter	"Expected value: measurement value. Preferred unit: microgram per liter. Occurrence: 1. Position: 1.0. This field is used in: 4 packages: microbial mat_biofilm, miscellaneous natural or artificial environment, sediment, water"					
MIXS:0000205	core field	org_nitro	xs:token		Concentration of organic nitrogen	4 micromole per liter	"Expected value: measurement value. Preferred unit: microgram per liter. Occurrence: 1. Position: 1.0. This field is used in: 4 packages: microbial mat_biofilm, miscellaneous natural or artificial environment, sediment, water"					
MIXS:0000103	core field	organism_count	select		"Total cell count of any organism (or group of organisms) per gram, volume or area of sample, should include name of organism followed by count. The method that was used for the enumeration (e.g. qPCR, atp, mpn, etc.) Should also be provided. (example: total prokaryotes; 3.5e7 cells per ml; qpcr)"	total prokaryotes;3.5e7 cells per milliliter;qPCR	"Expected value: organism name;measurement value;enumeration. Preferred unit: number of cells per cubic meter, number of cells per milliliter, number of cells per cubic centimeter. Occurrence: m. Position: 1.0. This field is used in: 16 packages: air, built environment, host-associated, human-associated, human-gut, human-oral, human-skin, human-vaginal, hydrocarbon resources-cores, hydrocarbon resources-fluids_swabs, microbial mat_biofilm, miscellaneous natural or artificial environment, plant-associated, sediment, wastewater_sludge, water"					
MIXS:0000753	core field	oxy_stat_samp	select		Oxygenation status of sample	aerobic	"Expected value: enumeration. Occurrence: 1. Position: 1.0. This field is used in: 15 packages: air, host-associated, human-associated, human-gut, human-oral, human-skin, human-vaginal, hydrocarbon resources-cores, hydrocarbon resources-fluids_swabs, microbial mat_biofilm, miscellaneous natural or artificial environment, plant-associated, sediment, wastewater_sludge, water"					
MIXS:0000515	core field	part_org_carb	xs:token		Concentration of particulate organic carbon	1.92 micromole per liter	"Expected value: measurement value. Preferred unit: microgram per liter. Occurrence: 1. Position: 1.0. This field is used in: 3 packages: microbial mat_biofilm, sediment, water"					
MIXS:0000719	core field	part_org_nitro	xs:token		Concentration of particulate organic nitrogen	0.3 micromole per liter	"Expected value: measurement value. Preferred unit: microgram per liter, micromole per liter. Occurrence: 1. Position: 1.0. This field is used uniquely in: water"					
MIXS:0000754	core field	perturbation	xs:token		"Type of perturbation, e.g. chemical administration, physical disturbance, etc., coupled with perturbation regimen including how many times the perturbation was repeated, how long each perturbation lasted, and the start and end time of the entire perturbation period; can include multiple perturbation types"	antibiotic addition;R2/2018-05-11T14:30Z/2018-05-11T19:30Z/P1H30M	"Expected value: perturbation type name;perturbation interval and duration. Occurrence: m. Position: 1.0. This field is used in: 13 packages: air, host-associated, human-associated, human-gut, human-oral, human-skin, human-vaginal, microbial mat_biofilm, miscellaneous natural or artificial environment, plant-associated, sediment, wastewater_sludge, water"					
MIXS:0000516	core field	petroleum_hydrocarb	xs:token		Concentration of petroleum hydrocarbon	0.05 micromole per liter	"Expected value: measurement value. Preferred unit: micromole per liter. Occurrence: 1. Position: 1.0. This field is used in: 3 packages: microbial mat_biofilm, sediment, water"					
MIXS:0001001	core field	ph	xs:decimal		"Ph measurement of the sample, or liquid portion of sample, or aqueous phase of the fluid"	7.2	"Expected value: measurement value. Occurrence: 1. Position: 54.0. This field is used in: 8 packages: hydrocarbon resources-cores, hydrocarbon resources-fluids_swabs, microbial mat_biofilm, miscellaneous natural or artificial environment, sediment, soil, wastewater_sludge, water"					
MIXS:0000180	core field	phaeopigments	xs:token		Concentration of phaeopigments; can include multiple phaeopigments	2.5 milligram per cubic meter	"Expected value: phaeopigment name;measurement value. Preferred unit: milligram per cubic meter. Occurrence: m. Position: 1.0. This field is used in: 3 packages: microbial mat_biofilm, sediment, water"					
MIXS:0000505	core field	phosphate	xs:token		Concentration of phosphate	0.7 micromole per liter	"Expected value: measurement value. Preferred unit: micromole per liter. Occurrence: 1. Position: 1.0. This field is used in: 5 packages: microbial mat_biofilm, miscellaneous natural or artificial environment, sediment, wastewater_sludge, water"					
MIXS:0000181	core field	phosplipid_fatt_acid	xs:token		Concentration of phospholipid fatty acids; can include multiple values	2.98 milligram per liter	"Expected value: phospholipid fatty acid name;measurement value. Preferred unit: mole per gram, mole per liter. Occurrence: m. Position: 1.0. This field is used in: 4 packages: microbial mat_biofilm, miscellaneous natural or artificial environment, sediment, water"					
MIXS:0000725	core field	photon_flux	xs:token		Measurement of photon flux	3.926 micromole photons per second per square meter	Expected value: measurement value. Preferred unit: number of photons per second per unit area. Occurrence: 1. Position: 1.0. This field is used uniquely in: water					
MIXS:0000430	core field	potassium	xs:token		Concentration of potassium in the sample	463 milligram per liter	"Expected value: measurement value. Preferred unit: milligram per liter, parts per million. Occurrence: 1. Position: 68.0. This field is used in: 6 packages: hydrocarbon resources-cores, hydrocarbon resources-fluids_swabs, microbial mat_biofilm, miscellaneous natural or artificial environment, sediment, water"					
MIXS:0000412	core field	pressure	xs:token		"Pressure to which the sample is subject to, in atmospheres"	50 atmosphere	"Expected value: measurement value. Preferred unit: atmosphere. Occurrence: 1. Position: 41.0. This field is used in: 6 packages: hydrocarbon resources-cores, hydrocarbon resources-fluids_swabs, microbial mat_biofilm, miscellaneous natural or artificial environment, sediment, water"					
MIXS:0000728	core field	primary_prod	xs:token		"Measurement of primary production, generally measured as isotope uptake"	100 milligram per cubic meter per day	"Expected value: measurement value. Preferred unit: milligram per cubic meter per day, gram per square meter per day. Occurrence: 1. Position: 1.0. This field is used uniquely in: water"					
MIXS:0000182	core field	redox_potential	xs:token		"Redox potential, measured relative to a hydrogen cell, indicating oxidation or reduction potential"	300 millivolt	"Expected value: measurement value. Preferred unit: millivolt. Occurrence: 1. Position: 1.0. This field is used in: 3 packages: microbial mat_biofilm, sediment, water"					
MIXS:0000183	core field	salinity	xs:token		"The total concentration of all dissolved salts in a liquid or solid sample. While salinity can be measured by a complete chemical analysis, this method is difficult and time consuming. More often, it is instead derived from the conductivity measurement. This is known as practical salinity. These derivations compare the specific conductance of the sample to a salinity standard such as seawater."	25 practical salinity unit	"Expected value: measurement value. Preferred unit: practical salinity unit, percentage. Occurrence: 1. Position: 1.0. This field is used in: 15 packages: air, host-associated, human-associated, human-gut, human-oral, human-skin, human-vaginal, hydrocarbon resources-cores, hydrocarbon resources-fluids_swabs, microbial mat_biofilm, miscellaneous natural or artificial environment, plant-associated, sediment, wastewater_sludge, water"					
MIXS:0000116	core field	samp_store_dur	xs:token		Duration for which the sample was stored	P1Y6M	"Expected value: duration. Occurrence: 1. Position: 1.0. This field is used in: 15 packages: air, host-associated, human-associated, human-gut, human-oral, human-skin, human-vaginal, hydrocarbon resources-cores, hydrocarbon resources-fluids_swabs, microbial mat_biofilm, miscellaneous natural or artificial environment, plant-associated, sediment, wastewater_sludge, water"					
MIXS:0000755	core field	samp_store_loc	xs:token		"Location at which sample was stored, usually name of a specific freezer/room"	Freezer no:5	"Expected value: location name. Occurrence: 1. Position: 1.0. This field is used in: 15 packages: air, host-associated, human-associated, human-gut, human-oral, human-skin, human-vaginal, hydrocarbon resources-cores, hydrocarbon resources-fluids_swabs, microbial mat_biofilm, miscellaneous natural or artificial environment, plant-associated, sediment, wastewater_sludge, water"					
MIXS:0000110	core field	samp_store_temp	xs:token	required	"Temperature at which sample was stored, e.g. -80 degree Celsius"	-80 degree Celsius	"Expected value: measurement value. Preferred unit: degree Celsius. Occurrence: 1. Position: 1.0. This field is used in: 15 packages: air, host-associated, human-associated, human-gut, human-oral, human-skin, human-vaginal, hydrocarbon resources-cores, hydrocarbon resources-fluids_swabs, microbial mat_biofilm, miscellaneous natural or artificial environment, plant-associated, sediment, wastewater_sludge, water"					
MIXS:0000184	core field	silicate	xs:token		Concentration of silicate	0.05 micromole per liter	"Expected value: measurement value. Preferred unit: micromole per liter. Occurrence: 1. Position: 1.0. This field is used in: 4 packages: microbial mat_biofilm, miscellaneous natural or artificial environment, sediment, water"					
MIXS:0000735	core field	size_frac_low	xs:token		Refers to the mesh/pore size used to pre-filter/pre-sort the sample. Materials larger than the size threshold are excluded from the sample	0.2 micrometer	Expected value: value. Preferred unit: micrometer. Occurrence: 1. Position: 1.0. This field is used uniquely in: water					
MIXS:0000736	core field	size_frac_up	xs:token		Refers to the mesh/pore size used to retain the sample. Materials smaller than the size threshold are excluded from the sample	20 micrometer	Expected value: value. Preferred unit: micrometer. Occurrence: 1. Position: 1.0. This field is used uniquely in: water					
MIXS:0000428	core field	sodium	xs:token		Sodium concentration in the sample	10.5 milligram per liter	"Expected value: measurement value. Preferred unit: milligram per liter, parts per million. Occurrence: 1. Position: 66.0. This field is used in: 7 packages: hydrocarbon resources-cores, hydrocarbon resources-fluids_swabs, microbial mat_biofilm, miscellaneous natural or artificial environment, sediment, wastewater_sludge, water"					
MIXS:0000738	core field	soluble_react_phosp	xs:token		Concentration of soluble reactive phosphorus	0.1 milligram per liter	"Expected value: measurement value. Preferred unit: micromole per liter, milligram per liter, parts per million. Occurrence: 1. Position: 1.0. This field is used uniquely in: water"					
MIXS:0000423	core field	sulfate	xs:token		Concentration of sulfate in the sample	5 micromole per liter	"Expected value: measurement value. Preferred unit: micromole per liter, milligram per liter, parts per million. Occurrence: 1. Position: 58.0. This field is used in: 6 packages: hydrocarbon resources-cores, hydrocarbon resources-fluids_swabs, microbial mat_biofilm, miscellaneous natural or artificial environment, sediment, water"					
MIXS:0000424	core field	sulfide	xs:token		Concentration of sulfide in the sample	2 micromole per liter	"Expected value: measurement value. Preferred unit: micromole per liter, milligram per liter, parts per million. Occurrence: 1. Position: 59.0. This field is used in: 6 packages: hydrocarbon resources-cores, hydrocarbon resources-fluids_swabs, microbial mat_biofilm, miscellaneous natural or artificial environment, sediment, water"					
MIXS:0000741	core field	suspend_part_matter	xs:token		Concentration of suspended particulate matter	0.5 milligram per liter	Expected value: measurement value. Preferred unit: milligram per liter. Occurrence: 1. Position: 1.0. This field is used uniquely in: water					
MIXS:0000113	environment field	temp	xs:token		Temperature of the sample at the time of sampling.	25 degree Celsius	"Expected value: measurement value. Preferred unit: degree Celsius. Position: 40.0. This field is used in: 15 packages: air, host-associated, human-associated, human-gut, human-oral, human-skin, human-vaginal, hydrocarbon resources-cores, hydrocarbon resources-fluids_swabs, microbial mat_biofilm, miscellaneous natural or artificial environment, plant-associated, sediment, wastewater_sludge, water"					
MIXS:0000750	core field	tidal_stage	select		Stage of tide	high tide	"Expected value: enumeration. Occurrence: 1. Position: 1.0. This field is used in: 2 packages: sediment, water"					
MIXS:0000634	core field	tot_depth_water_col	xs:token		Measurement of total depth of water column	500 meter	"Expected value: measurement value. Preferred unit: meter. Occurrence: 1. Position: 1.0. This field is used in: 2 packages: sediment, water"					
MIXS:0000744	core field	tot_diss_nitro	xs:token		"Total dissolved nitrogen concentration, reported as nitrogen, measured by: total dissolved nitrogen = NH4 + NO3NO2 + dissolved organic nitrogen"	40 microgram per liter	Expected value: measurement value. Preferred unit: microgram per liter. Occurrence: 1. Position: 1.0. This field is used uniquely in: water					
MIXS:0000745	core field	tot_inorg_nitro	xs:token		Total inorganic nitrogen content	40 microgram per liter	Expected value: measurement value. Preferred unit: microgram per liter. Occurrence: 1. Position: 1.0. This field is used uniquely in: water					
MIXS:0000102	core field	tot_nitro	xs:token		"Total nitrogen concentration of water samples, calculated by: total nitrogen = total dissolved nitrogen + particulate nitrogen. Can also be measured without filtering, reported as nitrogen"	50 micromole per liter	"Expected value: measurement value. Preferred unit: microgram per liter, micromole per liter, milligram per liter. Occurrence: 1. Position: 64.0. This field is used in: 4 packages: hydrocarbon resources-cores, hydrocarbon resources-fluids_swabs, wastewater_sludge, water"					
MIXS:0000747	core field	tot_part_carb	xs:token		Total particulate carbon content	35 micromole per liter	"Expected value: measurement value. Preferred unit: microgram per liter, micromole per liter. Occurrence: 1. Position: 1.0. This field is used uniquely in: water"					
MIXS:0000117	core field	tot_phosp	xs:token		"Total phosphorus concentration in the sample, calculated by: total phosphorus = total dissolved phosphorus + particulate phosphorus"	0.03 milligram per liter	"Expected value: measurement value. Preferred unit: micromole per liter, milligram per liter, parts per million. Occurrence: 1. Position: 75.0. This field is used in: 3 packages: hydrocarbon resources-cores, hydrocarbon resources-fluids_swabs, water"					
MIXS:0000191	core field	turbidity	xs:token		Measure of the amount of cloudiness or haziness in water caused by individual particles	0.3 nephelometric turbidity units	"Expected value: measurement value. Preferred unit: formazin turbidity unit, formazin nephelometric units. Occurrence: 1. Position: 1.0. This field is used in: 3 packages: microbial mat_biofilm, sediment, water"					
MIXS:0000203	core field	water_current	xs:token		Measurement of magnitude and direction of flow within a fluid	10 cubic meter per second	"Expected value: measurement value. Preferred unit: cubic meter per second, knots. Occurrence: 1. Position: 1.0. This field is used in: 2 packages: miscellaneous natural or artificial environment, water"					
ENVO:00002030	env_broad_scale	aquatic biome										
ENVO:00000873	aquatic biome	  freshwater biome										
ENVO:01000252	freshwater biome	    freshwater lake biome										
ENVO:01000253	freshwater biome	    freshwater river biome										
ENVO:01000046	env_broad_scale	marginal sea biome										
ENVO:01001230	marginal sea biome	  tropical marginal sea biome										
ENVO:00000447	env_broad_scale	marine biome										
ENVO:01000045	marine biome	  epeiric sea biome										
ENVO:01000020	marine biome	  estuarine biome										
ENVO:01000024	marine biome	  marine benthic biome										
ENVO:01000127	marine benthic biome	    marine cold seep biome										
ENVO:01000028	marine benthic biome	    marine hadal zone biome										
ENVO:01000030	marine benthic biome	    marine hydrothermal vent biome										
ENVO:01000054	marine hydrothermal vent biome	      marine basaltic hydrothermal vent biome										
ENVO:01000053	marine hydrothermal vent biome	      marine ultramafic hydrothermal vent biome										
ENVO:01000025	marine benthic biome	    marine neritic benthic zone biome										
ENVO:01000029	marine benthic biome	    marine reef biome										
ENVO:01000050	marine reef biome	      marine subtidal rocky reef biome										
ENVO:01000022	marine biome	  marine salt marsh biome										
ENVO:00000446	env_broad_scale	terrestrial biome										
ENVO:01000181	terrestrial biome	  mangrove biome										
	env_local_scale	algal bloom										
	env_local_scale	spring										
	env_local_scale	strait										
	env_local_scale	stream										
	env_local_scale	tidal pool										
	env_local_scale	tunnel										
	env_local_scale	bank										
	env_local_scale	bay										
	env_local_scale	bayou										
	env_local_scale	beach										
	env_local_scale	mine drainage										
	env_local_scale	phreatic zone										
	env_local_scale	pond										
	env_local_scale	reservoir										
	env_local_scale	canal										
	env_local_scale	river										
	env_local_scale	rocky reef										
	env_local_scale	marine mesoscale eddy field										
	env_local_scale	shore										
	env_local_scale	canyon										
	env_local_scale	cave										
	env_local_scale	channel										
	env_local_scale	coast										
	env_local_scale	coastal water body										
	env_local_scale	coral reef										
	env_local_scale	marine benthic feature										
	env_local_scale	cove										
	env_local_scale	delta										
	env_local_scale	estuary										
	env_local_scale	fjord										
	env_local_scale	flash flood										
	env_local_scale	geyser										
	env_local_scale	glacial valley										
	env_local_scale	hot spring										
	env_local_scale	kelp forest										
	env_local_scale	lake										
	env_local_scale	snow field										
	env_local_scale	marine tidal flow										
	env_local_scale	lake shore										
	env_local_scale	underground water body										
	env_local_scale	waterfall										
	env_local_scale	well										
	organism_count	ATP										
	organism_count	MPN										
	organism_count	other										
	oxy_stat_samp	aerobic										
	oxy_stat_samp	anaerobic										
	oxy_stat_samp	other										
	tidal_stage	low tide										
	tidal_stage	ebb tide										
	tidal_stage	flood tide										
	tidal_stage	high tide										