Ontology ID	parent class	label	datatype	source	data status	requirement	min value	max value	capitalize	pattern	description	guidance	examples
		sample identification											
		required where applicable											
		optional											
		required											
	sample identification	unique_ID	xs:unique			required					Unique ID	Field REQUIRED for ALL sample submission. Options: IGSN- http://www.geosamples.org/getigsn ; UUID- https://www.uuidgenerator.net/	{text}
	sample identification	samp_name	xs:token			required					Sample Name	ID that is present on the shipped sample. Human readable.	{text}
	sample identification	investigation_type	select			required					Analysis/Data Type	This field is constrained to contain only a set of limited terms (listed under Expected value) that indicate the types of data that were generated. Include all the data types, this field can have multiple values separated by a ;	drop down selection list
	sample identification	package	xs:token			required					Sample Type	MIxS Package	{text}
	sample identification	source_mat_id	xs:token			required					Source Material ID	A unique identifier assigned to an original material sample collected or to any derived sub-samples. The source material should be listed as a sample to inform details about parent material relationship.	{text}
	required	growth_facil	select			required					Growth Facility	Type of facility or location form where the sample was harvested	{text}|{termLabel} {[termID]}
	required	collection_date	xs:date			required					Collection Date		{timestamp}
	required	samp_mat_process	xs:token			required					Material Processing		{text}|{termLabel} {[termID]}
	required	store_cond	select			required					Storage Condition	Informs how your sample was stored	drop down selection list
	required	samp_store_temp	select			required					Storage temperature		drop down selection list
	required	samp_size	xs:token			required					Sample size		{value}{text}
	required where applicable	geo_loc_name	xs:token			required					Geographical Location Name		country or sea name; region or state; specific location
	required where applicable	lat_lon	xs:token			required					latitude, longitude		{latitude decimal; longitude decimal}
	required where applicable	elev	xs:decimal			required					elevation-meters		{value}
	required where applicable	depth	xs:token			required					depth-meters	When sample is collected with a ___ depth and homogenized, please report depth as a ____. (example, 0-10cm for soil collected from the surface to 10cm below and homogenized, or 10-20 for soil collected and homogenized from 10cm below the surface to 20cm).	{range value}
	required where applicable	chem_administration	xs:token			required					chemical administration/addition treatment		{termLabel} {[termID]}; {timestamp}
	required where applicable	watering_regm	xs:token			required					watering regimen/schedule treatment		{float} {unit};{Rn/start_time/end_time/duration}
	required where applicable	air_temp_regm	xs:token			required					air temperature regimen treatment		{float} {unit};{Rn/start_time/end_time/duration}
	required where applicable	gaseous_environment	xs:token			required					gas evironment/exposure treatment		{text};{float} {unit};{Rn/start_time/end_time/duration}
	required where applicable	isotope_exposure	xs:token			required					isotope exposure/addition treatment		{text}
	required where applicable	climate_environment	xs:token			required					climate environment treatment		{text};{Rn/start_time/end_time/duration}
	required where applicable	humidity_regm	xs:token			required					humidity regimen/adition treatment		{float} {unit};{Rn/start_time/end_time/duration}
	required where applicable	light_regm	xs:token			required					light regimen treatment		{text};{float} {unit};{float} {unit}
	required where applicable	biotic_regm	xs:token			required					biotic regimen/addition treatment		{text}
	required where applicable	other	xs:token			required					treatment-other details		{text}
	required where applicable	size_frac_low	xs:token			required					size-fraction lower threshold		{value}{text}
	required where applicable	size_frac_up	xs:token			required					size-fraction upper threshold		{value}{text}
	required where applicable	size_frac	xs:token			required					Size Fraction- Filter Type		{text}
	required where applicable	sieving	xs:token			required					Sieve Size		{value}{text}
	required where applicable	samp_collect_device	xs:token			required					sample collection device	Report dimensions and details when applicable	{text} dimensions
	required where applicable	alt	xs:decimal			required					altitude-meters		{value}
	required where applicable	other	xs:token			required					treatment-other details		{text}
	optional	agrochem_addition	xs:token								history/agrochemical additions		agrochemical name {text} ;agrochemical amount {value} ;timestamp {date}
	optional	al_sat	xs:token							^[+-]?([0-9]*[.])?[0-9]+ \S+$	extreme_unusual_properties/Al saturation		{float} {unit}
	optional	al_sat_meth	xs:token								extreme_unusual_properties/Al saturation method		{PMID}|{DOI}|{URL}
	optional	annual_precpt	xs:token							^[+-]?([0-9]*[.])?[0-9]+ \S+$	mean annual precipitation		{float} {unit}
	optional	annual_temp	xs:token							^[+-]?([0-9]*[.])?[0-9]+ \S+$	mean annual temperature		{float} {unit}
	optional	biotic_relationship	select								biotic relationship		enumeration
	optional	crop_rotation	xs:token								history/crop rotation		crop rotation status {boolean}; schedule {Rn/start_time/end_time/duration}
	optional	cur_land_use	select								current land use		enumeration
	optional	cur_vegetation	xs:token								current vegetation		{text}
	optional	cur_vegetation_meth	xs:token								current vegetation method		{PMID}|{DOI}|{URL}
	optional	drainage_class	select								drainage classification		enumeration
	optional	extreme_event	xs:date								history/extreme events		{timestamp}
	optional	extreme_salinity	xs:token							^[+-]?([0-9]*[.])?[0-9]+ \S+$	extreme_unusual_properties/salinity		{float} {unit}
	optional	fao_class	select								soil_taxonomic/FAO classification		enumeration
	optional	fire	xs:date								history/fire		{timestamp}
	optional	flooding	xs:date								history/flooding		{timestamp}
	optional	heavy_metals	xs:token								extreme_unusual_properties/heavy metals		{text};{float} {unit} heavy metal name {text}; measurement value {value} {unit}
	optional	heavy_metals_meth	xs:token								extreme_unusual_properties/heavy metals method		{PMID}|{DOI}|{URL}
	optional	horizon	select								horizon		enumeration
	optional	horizon_meth	xs:token								horizon method		{PMID}|{DOI}|{URL}
	optional	link_addit_analys	xs:token								links to additional analysis		{PMID}|{DOI}|{URL}
	optional	link_class_info	xs:token								link to classification information		{PMID}|{DOI}|{URL}
	optional	link_climate_info	xs:token								link to climate information		{PMID}|{DOI}|{URL}
	optional	local_class	xs:token								soil_taxonomic/local classification		{text}
	optional	local_class_meth	xs:token								soil_taxonomic/local classification method		{PMID}|{DOI}|{URL}
	optional	microbial_biomass	xs:token							^[+-]?([0-9]*[.])?[0-9]+ \S+$	microbial biomass		{float} {unit}
	optional	microbial_biomass_meth	xs:token								microbial biomass method		{PMID}|{DOI}|{URL}
	optional	misc_param	xs:token								miscellaneous parameter		parameter name {text}; measurement value {float} {unit}
	optional	oxy_stat_samp	select								oxygenation status of sample		enumeration
	optional	ph	xs:decimal								pH		{float}
	optional	ph_meth	xs:token								pH method		{PMID}|{DOI}|{URL}
	optional	previous_land_use	xs:token								history/previous land use		{text};{timestamp}
	optional	previous_land_use_meth	xs:token								history/previous land use method		{PMID}|{DOI}|{URL}
	optional	profile_position	select								profile position		enumeration
	optional	salinity_meth	xs:token								extreme_unusual_properties/salinity method		{PMID}|{DOI}|{URL}
	optional	season_precpt	xs:token							^[+-]?([0-9]*[.])?[0-9]+ \S+$	mean seasonal precipitation		{float} {unit}
	optional	season_temp	xs:token							^[+-]?([0-9]*[.])?[0-9]+ \S+$	mean seasonal temperature		{float} {unit}
	optional	slope_aspect	xs:token							^[+-]?([0-9]*[.])?[0-9]+ \S+$	slope aspect		{float} {unit}
	optional	slope_gradient	xs:token							^[+-]?([0-9]*[.])?[0-9]+ \S+$	slope gradient		{float} {unit}
	optional	soil_type	xs:token								soil type		{text}
	optional	soil_type_meth	xs:token								soil type method		{PMID}|{DOI}|{URL}
	optional	texture	xs:token							^[+-]?([0-9]*[.])?[0-9]+ \S+$	texture		{float} {unit}
	optional	texture_meth	xs:token								texture method		{PMID}|{DOI}|{URL}
	optional	tillage	select								history/tillage		enumeration
	optional	tot_nitro_content	xs:token							^[+-]?([0-9]*[.])?[0-9]+ \S+$	total nitrogen content		{float} {unit}
	optional	tot_n_meth	xs:token								total nitrogen content method		{PMID}|{DOI}|{URL}
	optional	tot_org_c_meth	xs:token								total organic carbon method		{PMID}|{DOI}|{URL}
	optional	tot_org_carb	xs:token							^[+-]?([0-9]*[.])?[0-9]+ \S+$	total organic carbon		{float} {unit}
	optional	water_content	xs:decimal								water content		{float}
	investigation_type	chemical speciation/mapping											
	investigation_type	genome											
	investigation_type	imaging- electron											
	investigation_type	imaging- ion											
	investigation_type	imaging- light											
	investigation_type	lipidome											
	investigation_type	metabolome											
	investigation_type	molecular structure											
	investigation_type	organic matter											
	investigation_type	proteome											
	investigation_type	transcriptome											
	growth_facil	experimental_garden											
	growth_facil	field											
	growth_facil	field_incubation											
	growth_facil	greenhouse											
	growth_facil	growth_chamber											
	growth_facil	lab_incubation											
	growth_facil	open_top_chamber											
	growth_facil	other											
	store_cond	fresh											
	store_cond	frozen											
	store_cond	lyophilized											
	store_cond	other											
	samp_store_temp	-20 degree Celsius											
	samp_store_temp	-80 degree Celsius											
	samp_store_temp	4 degree Celsius											
	samp_store_temp	other											
	samp_store_temp	room temperature											
	biotic_relationship	commensalism											
	biotic_relationship	free living											
	biotic_relationship	mutualism											
	biotic_relationship	parasitism											
	biotic_relationship	symbiotic											
	cur_land_use	Badlands											
	cur_land_use	Cities											
	cur_land_use	Conifers (e.g. pine,spruce,fir,cypress)											
	cur_land_use	Crop Trees (nuts,fruit,christmas trees,nursery trees)											
	cur_land_use	Farmstead											
	cur_land_use	Gravel											
	cur_land_use	Hardwoods (e.g. oak,hickory,elm,aspen)											
	cur_land_use	Hayland											
	cur_land_use	Horticultural Plants (e.g. tulips)											
	cur_land_use	Industrial Areas											
	cur_land_use	Intermixed Hardwood and Conifers											
	cur_land_use	Marshlands (grass,sedges,rushes)											
	cur_land_use	Meadows (grasses,alfalfa,fescue,bromegrass,timothy)											
	cur_land_use	Mines/Quarries											
	cur_land_use	Mudflats											
	cur_land_use	Oil Waste Areas											
	cur_land_use	Pastureland (grasslands used for livestock grazing)											
	cur_land_use	Permanent Snow or Ice											
	cur_land_use	Rainforest (evergreen forest receiving >406 cm annual rainfall)											
	cur_land_use	Rangeland											
	cur_land_use	Roads/Railroads											
	cur_land_use	Rock											
	cur_land_use	Row Crops											
	cur_land_use	Saline Seeps											
	cur_land_use	Salt Flats											
	cur_land_use	Sand											
	cur_land_use	Shrub Crops (blueberries,nursery ornamentals,filberts)											
	cur_land_use	Shrub Land (e.g. mesquite,sage-brush,creosote bush,shrub oak,eucalyptus)											
	cur_land_use	Small Grains											
	cur_land_use	Successional Shrub Land (tree saplings,hazels,sumacs,chokecherry,shrub dogwoods,blackberries)											
	cur_land_use	Swamp (permanent or semi-permanent water body dominated by woody plants)											
	cur_land_use	Tropical (e.g. mangrove,palms)											
	cur_land_use	Tundra (mosses,lichens)											
	cur_land_use	Vegetable Crops											
	cur_land_use	Vine Crops (grapes)											
	drainage_class	Excessively Drained											
	drainage_class	Moderately Well											
	drainage_class	Poorly											
	drainage_class	Somewhat Poorly											
	drainage_class	Very Poorly											
	drainage_class	Well											
	fao_class	Acrisols											
	fao_class	Andosols											
	fao_class	Arenosols											
	fao_class	Cambisols											
	fao_class	Chernozems											
	fao_class	Ferralsols											
	fao_class	Fluvisols											
	fao_class	Gleysols											
	fao_class	Greyzems											
	fao_class	Gypsisols											
	fao_class	Histosols											
	fao_class	Kastanozems											
	fao_class	Lithosols											
	fao_class	Luvisols											
	fao_class	Nitosols											
	fao_class	Phaeozems											
	fao_class	Planosols											
	fao_class	Podzols											
	fao_class	Podzoluvisols											
	fao_class	Rankers											
	fao_class	Regosols											
	fao_class	Rendzinas											
	fao_class	Solonchaks											
	fao_class	Solonetz											
	fao_class	Vertisols											
	fao_class	Yermosols											
	horizon	A Horizon											
	horizon	B Horizon											
	horizon	C Horizon											
	horizon	E Horizon											
	horizon	O Horizon											
	horizon	Permafrost											
	horizon	R Layer											
	oxy_stat_samp	aerobic											
	oxy_stat_samp	anaerobic											
	oxy_stat_samp	anoxic											
	oxy_stat_samp	facultative											
	oxy_stat_samp	microaerophilic											
	oxy_stat_samp	microanaerobe											
	oxy_stat_samp	obligate aerobe											
	oxy_stat_samp	obligate anaerobe											
	profile_position	Backslope											
	profile_position	Footslope											
	profile_position	Shoulder											
	profile_position	Summit											
	profile_position	Toeslope											
	profile_position	profile_position											
	tillage	Chisel											
	tillage	Cutting Disc											
	tillage	Disc Plough											
	tillage	Drill											
	tillage	Mouldboard											
	tillage	Ridge Till											
	tillage	Strip Tillage											
	tillage	Tined											
	tillage	Zonal Tillage											
