class_name	slot_group	slot_uri	title	name	range	range_2	identifier	multivalued	required	recommended	minimum_value	maximum_value	pattern	structured_pattern	description	comments	examples	EXPORT_GISAID	EXPORT_NCBI_BIOSAMPLE_SARS_COV_2_WWS	EXPORT_NCBI_BIOSAMPLE	EXPORT_NCBI_SRA	EXPORT_ENA_GSC_MIxS_WW_ERC00023	EXPORT_ENA_SEWAGE_ERC00036	EXPORT_iMicroSeq_Portal
iMicroSeq	Database identifiers	GENEPIO:0001123	specimen collector sample ID	specimen_collector_sample_id	WhitespaceMinimizedString	NullValueMenu	TRUE		TRUE						The user-defined name for the sample.	Store the collector sample ID. If this number is considered identifiable information, provide an alternative ID. Be sure to store the key that maps between the original and alternative IDs for traceability and follow up if necessary. Every collector sample ID from a single submitter must be unique. It can have any format, but we suggest that you make it concise, unique and consistent within your lab.	ASDFG123	Sample ID given by the sample provider	sample_name	sample_name	sample_name	source material identifiers		specimen collector sample ID
iMicroSeq	Database identifiers	GENEPIO:0100760	sampling site ID	sampling_site_id	WhitespaceMinimizedString	NullValueMenu				TRUE					The user-defined identifier assigned to a specific location from which samples are taken.	Store the ID for the site from which a sample was taken. The "site" is user defined (e.g. it may be a building and its environs, a specific entity within an environment). Please use the same site ID for all samples from a given site, regardless of when these samples were taken. Any important changes in site location, should be represented with a new site ID.	Site 12A			collection_site_id			name of the sampling site	
iMicroSeq	Database identifiers	GENEPIO:0100761	sampling event ID	sampling_event_id	WhitespaceMinimizedString	NullValueMenu				TRUE					The user-defined identifier assigned to a specific event during which one or more samples are taken, from one or more sites.	Store the ID for the event during which a sample or samples were taken. For example, an event could be one person taking samples from multiple sites, or multiple people taking samples from one site.	Event 120522.1							
iMicroSeq	Database identifiers	GENEPIO:0001136	INSDC Project accession	insdc_project_accession	WhitespaceMinimizedString	NullValueMenu								{UPPER_CASE}	The INSDC (i.e., ENA, NCBI, or DDBJ) accession number of the Project(s) to which the Sample belongs.	Store the BioProject accession number. BioProjects are an organizing tool that links together raw sequence data, assemblies, and their associated metadata. Each province will be assigned a different bioproject accession number by the National Microbiology Lab. A valid NCBI BioProject accession has prefix PRJN e.g., PRJNA12345, and is created once at the beginning of a new sequencing project.	PRJNA608651		bioproject_accession	bioproject_accession				
iMicroSeq	Database identifiers	GENEPIO:0001139	INSDC Sample accession	insdc_sample_accession	WhitespaceMinimizedString	NullValueMenu				TRUE				{UPPER_CASE}	The identifier assigned to a Sample in INSDC (i.e., ENA, NCBI, or DDBJ) archives.	Store the accession returned from the Sample submission. NCBI BioSamples will have the prefix SAMN, ENA have the prefix SAMEA, DDBJ have SAMD	SAMN14180202, SAMEA00000002, SAMD00000001							
iMicroSeq	Database identifiers	GENEPIO:0101203	INSDC sequence read accession	insdc_sequence_read_accession	WhitespaceMinimizedString	NullValueMenu								{UPPER_CASE}	The identifier assigned to a sequence in one of the International Nucleotide Sequence Database Collaboration (INSDC) repositories.	Store the accession assigned to the submitted sequence. European Nucleotide Archive (ENA) sequence accessions start with ERR, NCBI-SRA accessions start with SRR, DNA Data Bank of Japan (DDBJ) accessions start with DRR and Genome Sequence Archive (GSA) accessions start with CRR.	ERR123456, DRR123456, CRR123456							
iMicroSeq	Sample collection	GENEPIO:0100429	sample collection project name	sample_collection_project_name	WhitespaceMinimizedString	NullValueMenu									The name of the project/initiative/program for which the sample was collected.	Provide the name of the project and/or the project ID here. If the information is unknown or cannot be provided, leave blank or provide a null value.	Watershed Project (HA-120)		project_name					
iMicroSeq		GENEPIO:0102221	data steward contact name	data_steward_contact_name	WhitespaceMinimizedString	NullValueMenu			TRUE						The name of the individual responsible for the data governance, (meta)data usage and distribution of the data.	Provide the name of the data steward.	Joe Bloggs							
iMicroSeq		GENEPIO:0102222	data steward contact email	data_steward_contact_email	WhitespaceMinimizedString	NullValueMenu			TRUE						The email address of the individual responsible for the data governance, (meta)data usage and distribution of the data.	The email address can represent a specific individual or lab e.g. johnnyblogs@lab.ca, or RespLab@lab.ca	WaterTester@facility.ca							
iMicroSeq	Sample collection	GENEPIO:0001191	organism	organism	WhitespaceMinimizedString	NullValueMenu		TRUE	TRUE						Taxonomic name of the organism.	Provide the official nomenclature for the organism(s) present in the sample. Multiple organisms can be entered, separated by semicolons. Avoid abbreviations. Search for taxonomic names here: ncbi.nlm.nih.gov/taxonomy.	Severe acute respiratory syndrome coronavirus 2						surveillance target	organism
iMicroSeq	Taxonomic identification information	GENEPIO:0100583	taxonomic identification process	taxonomic_identification_process	TaxonomicIdentificationProcessMenu	NullValueMenu									The type of planned process by which an organismal entity is associated with a taxon or taxa.	Provide the type of method used to determine the taxonomic identity of the organism by selecting a value from the pick list. If the information is unknown or cannot be provided, leave blank or provide a null value.	PCR assay [OBI:0002740]							
iMicroSeq	Sample collection	GENEPIO:0001198	purpose of sampling	purpose_of_sampling	PurposeOfSamplingMenu	NullValueMenu		TRUE	TRUE						The reason that the sample was collected.	The reason a sample was collected may provide information about potential biases in sampling strategy. Provide the purpose of sampling from the picklist in the template. Most likely, the sample was collected for Public health surveillance. The reason why a sample was originally collected may differ from the reason why it was selected for sequencing, which should be indicated in the "purpose of sequencing" field.	Baseline surveillance (random sampling) [GENEPIO:0100005]		purpose_of_ww_sampling;description	purpose_of_ww_sampling				purpose of sampling
iMicroSeq	Sample collection	GENEPIO:0001153	sample collected by organisation name	sample_collected_by_organisation_name	WhitespaceMinimizedString	NullValueMenu			TRUE						The name of the organization with which the sample collector is affiliated.	The name of the agency should be written out in full, (with minor exceptions) and be consistent across multiple submissions.	Public Health Agency of Canada	Originating lab	collected_by	collected_by				sample collected by
iMicroSeq	Sample collection	GENEPIO:0001156	sample collected by contact email	sample_collected_by_contact_email	WhitespaceMinimizedString	NullValueMenu							^\S+@\S+\.\S+$		The email address of the contact responsible for follow-up regarding the sample.	The email address can represent a specific individual or lab e.g. johnnyblogs@lab.ca, or RespLab@lab.ca	WaterTester@facility.ca							
iMicroSeq	Sample collection	GENEPIO:0100762	sample collection data steward name	sample_collection_data_steward_name	WhitespaceMinimizedString	NullValueMenu									The name of the individual responsible for the data governance, (meta)data usage and distribution of the sample.	Provide the name of the sample collection data steward.	Joe Bloggs							
iMicroSeq	Sample collection	GENEPIO:0001174	sample collection start date	sample_collection_start_date	date				TRUE			{today}			The date on which the sample was collected, or sampling began for a continuous sample.	Sample collection date is critical for surveillance and many types of analyses. For samples taken at a single point in time, use this field to capture the date the sample was collected. If your sample was collected continuously over an interval, use this field to capture the sample collection start date. Required granularity includes year, month and day. The date should be provided in ISO 8601 standard format "YYYY-MM-DD".	2020-03-16	Collection date	collection_date	collection_date		collection date	collection date	sample collection date
iMicroSeq	Sample collection		sample collection start date null reason	sample_collection_start_date_null_reason	NullValueMenu				TRUE															
iMicroSeq	Sample collection	GENEPIO:0101071	sample collection end date	sample_collection_end_date	date					TRUE	{sample_collection_start_date}	{today}			The date on which sample collection ended for a continuous sample.	Provide the date that sample collection ended in ISO 8601 format i.e. YYYY-MM-DD. 	2020-03-18							
iMicroSeq	Sample collection		sample collection end date null reason	sample_collection_end_date_null_reason	NullValueMenu					TRUE														
iMicroSeq	Sample collection	GENEPIO:0100766	sample collection time duration value	sample_collection_time_duration_value	integer					TRUE					The amount of time over which the sample was collected.	Provide the numerical value of time.	4		ww_sample_duration	ww_sample_duration				
iMicroSeq			sample collection time duration value null reason	sample_collection_time_duration_null_reason	string	NullValueMenu									To be populated if sample collection time duration value or unit is not provided. If populated "sample collection time duration null reason" or "unit" should be empty									
iMicroSeq	Sample collection	GENEPIO:0100767	sample collection time duration unit	sample_collection_time_duration_unit	SampleCollectionDurationUnitMenu	NullValueMenu				TRUE					The units of the time duration measurement of sample collection.	Provide the units from the pick list.	Hour		ww_sample_duration	ww_sample_duration				
iMicroSeq	Sample collection	GENEPIO:0001181	geo loc name (country)	geo_loc_name_country	GeoLocNameCountryMenu	NullValueMenu			TRUE						The country of origin of the sample.	If known, select a value from the pick list.	Canada	Location	geo_loc_name	geo_loc_name		geographic location (country and/or sea)	geographic location (country and/or sea)	geo_loc_name (country)
iMicroSeq	Sample collection	GENEPIO:0001185	geo loc name (state/province/territory)	geo_loc_name_state_province_territory	GeoLocNameStateProvinceTerritoryMenu	NullValueMenu			TRUE						The state/province/territory of origin of the sample.	Provide the state/province/territory name from the GAZ geography ontology. Search for geography terms here: https://www.ebi.ac.uk/ols/ontologies/ga	Ontario		geo_loc_name	geo_loc_name		geographic location (region and locality)	geographic location (region and locality)	geo_loc_name (state/province/territory)
iMicroSeq	Sample collection	GENEPIO:0100436	geo loc name (site)	geo_loc_name_site	WhitespaceMinimizedString	NullValueMenu									The name of a specific geographical location e.g. Credit River (rather than river).	Provide the name of the specific geographical site using a specific noun (a word that names a certain place, thing).	Credit River					name of the sampling site	name of the sampling site	
iMicroSeq	Sample collection and processing	GENEPIO:0001189	geo loc name (city)	geo_loc_name_city	WhitespaceMinimizedString	NullValueMenu									The city of origin of the sample.	Provide the city name from the GAZ geography ontology. Search for geography terms here: https://www.ebi.ac.uk/ols/ontologies/gaz	Vancouver		geo_loc_name	geo_loc_name				
iMicroSeq	Sample collection	GENEPIO:0100309	geo loc latitude	geo_loc_latitude	WhitespaceMinimizedString	NullValueMenu									The latitude coordinates of the geographical location of sample collection.	Provide latitude coordinates if available. Do not use the centre of the city/region/province/state/country or the location of your agency as a proxy, as this implicates a real location and is misleading. Specify as degrees latitude in format "d[d.dddd] N|S".	38.98 N					geographic location (latitude)	geographic location (latitude)	
iMicroSeq	Sample collection	GENEPIO:0100310	geo loc longitude	geo_loc_longitude	WhitespaceMinimizedString	NullValueMenu									The longitude coordinates of the geographical location of sample collection.	Provide longitude coordinates if available. Do not use the centre of the city/region/province/state/country or the location of your agency as a proxy, as this implicates a real location and is misleading. Specify as degrees longitude in format "d[dd.dddd] W|E".	77.11 W					geographic location (longitude)	geographic location (longitude)	
iMicroSeq	Sample collection	GENEPIO:0001232	environmental site	environmental_site	EnvironmentalSiteMenu	NullValueMenu		TRUE		TRUE					An environmental location may describe a site in the natural or built environment e.g. hospital, wet market, lake.	Provide a descriptor of the environmental site sampled. Use the picklist provided in the template. If not applicable, choose a null value.	Influent pump station [ENVO:03501465]	Specimen source	isolation_source;ww_sample_site;description	isolation_source;ww_sample_site;description		local environmental context		environmental site
iMicroSeq	Sample collection	GENEPIO:0101205	proximal environmental site	proximal_environmental_site	EnvironmentalSiteMenu	NullValueMenu		TRUE							An environmental location in the natural or built environment, that is proximal to a sampling location and which can impact a sample.	Provide a descriptor of the environmental site close to the sampling site. Use the picklist provided in the template. If not applicable, choose a null value.	Aquaculture farm [ENVO:03600074]							
iMicroSeq	Sample collection	GENEPIO:0102171	presampling activity ID	presampling_activity_id	WhitespaceMinimizedString	NullValueMenu									The user-defined identifier assigned to a specific event that occured prior to sample collection.	Store the ID for the relevant event prior to sample collection, which impacts the sample or sample collection process. For example, a flood event occuring in 2025 is the reason for these samples being collected.	Presampling event 12345							
iMicroSeq	Sample collection	GENEPIO:0102172	presampling activity date	presampling_activity_date	date										The date of the presampling event.	Provide the date of the presampling event. If this date was over a range provide the start date.	2025-01-01							
iMicroSeq	Sample collection		presampling activity date null reason	presampling_activity_date_null_reason	NullValueMenu																			
iMicroSeq	Sample collection	GENEPIO:0100433	presampling activity	presampling_activity	PresamplingActivityMenu	NullValueMenu		TRUE							The activities or variables prior to sample collection that may affect the sample.	If there was an activity that would affect the sample prior to collection (this is different than sample processing), provide the activities by selecting one or more values from the template pick list. If the information is unknown or cannot be provided, leave blank or provide a null value.	Agricultural activity [ENVO:01001442]		ww_pre_treatment;ww_sample_matrix	ww_pre_treatment;ww_sample_matrix		sample material processing		
iMicroSeq	Sample collection	GENEPIO:0100434	presampling activity details	presampling_activity_details	WhitespaceMinimizedString	NullValueMenu									The details of the activities or variables that affected the sample collected.	Briefly describe the presampling activities using free text.	Agricultural waste from large farm contributes waste to the site sampled.		description	description		sample material processing		
iMicroSeq	Sample collection	GENEPIO:0001234	collection device	collection_device	CollectionDeviceMenu	NullValueMenu		TRUE		TRUE					The instrument or container used to collect the sample e.g. grab sampler.	Provide a descriptor of the device used for sampling. Use the picklist provided in the template. If not applicable, choose a null value.	Grab sampler [GENEPIO:0100941]	Specimen source	isolation_source;ww_sample_type	isolation_source;ww_sample_type		sample collection device		collection device
iMicroSeq	Sample collection	GENEPIO:0001241	collection method	collection_method	CollectionMethodMenu	NullValueMenu		TRUE		TRUE					The process used to collect the sample.	Provide a descriptor of the collection method used for sampling. Use the picklist provided in the template. If not applicable, choose a null value.	Grab sampling [GENEPIO:0100953]	Specimen source	isolation_source;ww_sample_type	isolation_source;ww_sample_type		sample collection method		collection method
iMicroSeq	Sample collection	GENEPIO:0001223	environmental material	environmental_material	EnvironmentalMaterialMenu	NullValueMenu		TRUE		TRUE					A substance obtained from the natural or man-made environment e.g. soil, water, sewage.	Provide a descriptor of the environmental material sampled. Use the picklist provided in the template. If not applicable, choose a null value.	Leachate [ENVO:00002141]	Specimen source	isolation_source;ww_sample_matrix;description	isolation_source;ww_sample_matrix;description		environmental medium;sewage type;wastewater type	sewage type	environmental material
iMicroSeq	Sample collection	GENEPIO:0100770	environmental material properties	environmental_material_properties	EnvironmentalMaterialPropertiesMenu	NullValueMenu		TRUE		TRUE					The properties, characteristics and qualities of a substance obtained from the natural or man-made environment.	Provide the environmental material properties by selecting descriptors from the pick list.	Fluid (stagnant) [GENEPIO:0101004]		description					
iMicroSeq	Sample collection	GENEPIO:0001211	anatomical material	anatomical_material	AnatomicalMaterialMenu	NullValueMenu		TRUE		TRUE					A substance obtained from an anatomical part of an organism e.g. tissue, blood.	An anatomical material is a substance taken from the body. If applicable, select the standardized term and ontology ID for the anatomical material from the picklist provided. Multiple values can be provided, separated by a semi-colon.	Tissue [UBERON:0000479]; Blood [UBERON:0000178]	isolation_source;anatomical_material	host_tissue_sampled;isolation_source					
iMicroSeq	Sample collection	GENEPIO:0001214	anatomical part	anatomical_part	AnatomicalPartMenu	NullValueMenu		TRUE		TRUE					An anatomical part of an organism e.g. oropharynx.	An anatomical part is a structure or location in the body. If applicable, select the standardized term and ontology ID for the anatomical material from the picklist provided. Multiple values can be provided, separated by a semi-colon.	Fish vent [GENEPIO:0100902]	isolation_source;anatomical_part	isolation_source					
iMicroSeq	Sample collection	GENEPIO:0001216	body product	body_product	BodyProductMenu	NullValueMenu		TRUE		TRUE					A substance excreted/secreted from an organism e.g. feces, urine, sweat.	A body product is a substance produced by the body but meant to be excreted/secreted (i.e. not part of the body). If applicable, select the standardized term and ontology ID for the body product from the picklist provided. Multiple values can be provided, separated by a semi-colon.	Feces [UBERON:0001988]; Urine [UBERON:0001088]	isolation_source;body_product	host_body_product;isolation_source					
iMicroSeq	Sample processing	GENEPIO:0100921	experimental specimen role type	experimental_specimen_role_type	ExperimentalSpecimenRoleTypeMenu	NullValueMenu		TRUE							The type of role that the sample represents in the experiment.	Samples can play different types of roles in experiments. A sample under study in one experiment may act as a control or be a replicate of another sample in another experiment. This field is used to distinguish samples under study from controls, replicates, etc. If the sample acted as an experimental control or a replicate, select a role type from the picklist. If the sample was not a control, leave blank or select "Not Applicable".	Positive experimental control [GENEPIO:0101018]							
iMicroSeq	Sample processing	GENEPIO:0001253	specimen processing	specimen_processing	SpecimenProcessingMenu	NullValueMenu		TRUE		TRUE					Any processing applied to the sample during or after receiving the sample.	Select processes from the picklist that were applied to this sample.	Filtration [OBI:0302885]	Passage details/history		specimen_processing		sample material processing		
iMicroSeq	Sample processing	GENEPIO:0100311	specimen processing details	specimen_processing_details	WhitespaceMinimizedString	NullValueMenu									The details of the processing applied to the sample during or after receiving the sample.	Briefly describe the processes applied to the sample.	5 samples were pooled and further prepared as a single sample during library prep.			specimen_processing_details				
iMicroSeq		GENEPIO:0101029	experimental protocol name	experimental_protocol_name	WhitespaceMinimizedString	NullValueMenu									The name of the overarching experimental methodology that was used to process the biomaterial.	Provide the name of the methodology used in your study. 	Legionella Testing Protocol 2025							
iMicroSeq	Sample processing	GENEPIO:0102071	experimental protocol url	experimental_protocol_url	WhitespaceMinimizedString	NullValueMenu									A URL linking to detailed information or documentation about the experimental protocol. This URL should direct users to a source that provides the necessary details to reproduce the experiment that generated the dataset.	Provide the url of the experimental protocol.	https://github.com/ww-protocol		ww_processing_protocol	ww_processing_protocol				
iMicroSeq	Sample processing	GENEPIO:0100922	experimental control details	experimental_control_details	WhitespaceMinimizedString	NullValueMenu									The details regarding the experimental control contained in the sample.	Provide details regarding the nature of the reference strain used as a control, or what is was used to monitor.	Human coronavirus 229E (HCoV-229E) spiked in sample as process control.							
iMicroSeq	Sample processing	GENEPIO:0100939	nucleic acid extraction method	nucleic_acid_extraction_method	WhitespaceMinimizedString	NullValueMenu									The process used to extract genomic material from a sample.	Briefly describe the extraction method used.	Direct wastewater RNA capture and purification via the "Sewage, Salt, Silica and SARS-CoV-2 (4S)" method v4 found at https://www.protocols.io/view/v-4-direct-wastewater-rna-capture-and-purification-36wgq581ygk5/v4			extraction_method		nucleic acid extraction	nucleic acid extraction	
iMicroSeq	Sample collection and processing	GENEPIO:0100772	nucleic acid extraction kit	nucleic_acid_extraction_kit	WhitespaceMinimizedString	NullValueMenu									The kit used to extract genomic material from a sample	Provide the name of the genomic extraction kit used.	QIAamp PowerFecal Pro DNA Kit					nucleic acid extraction	nucleic acid extraction	
iMicroSeq	Sample processing	GENEPIO:0100923	endogenous control details	endogenous_control_details	WhitespaceMinimizedString	NullValueMenu				TRUE					The description of the endogenous controls included when extracting a sample.	Provide the names of endogenous controls that were used as a reference during extraction. If relevant, include titers of these controls, as well as whether any controls were expected but not identified in the sample.	Pepper Mild Mottle Virus (PMMV)			ww_endog_control_1				
iMicroSeq	Sample collection and processing	GENEPIO:0100690	available data types	available_data_types	AvailableDataTypesMenu	NullValueMenu		TRUE							The type of data that is available, that may or may not require permission to access.	This field provides information about additional data types that are available that may provide context for interpretation of the sequence data. Provide a term from the picklist for additional data types that are available. Additional data types may require special permission to access. Contact the data provider for more information.	Total coliform count [GENEPIO:0100729]							
iMicroSeq	Sample collection and processing	GENEPIO:0101023	available data type details	available_data_type_details	WhitespaceMinimizedString	NullValueMenu									Detailed information regarding other available data types.	Use this field to provide free text details describing other available data types that may provide context for interpreting genomic sequence data.	Pooled metagenomes containing extended spectrum beta-lactamase (ESBL) bacteria							
iMicroSeq	Environmental conditions and measurements	GENEPIO:0100778	populated area type	populated_area_type	PopulatedAreaTypeMenu	NullValueMenu									A type of area that is populated by humans to different degrees.	Provide the populated area type from the pick list.	Urban [GSSO:011080]							
iMicroSeq	Environmental conditions and measurements	GENEPIO:0100773	water catchment area human population measurement value	water_catchment_area_human_population_measurement_value	integer					TRUE					The numerical value of the human population measurement that contributes to the composition of water in a catchment area.	Where known, provide the numerical value of population size, i.e. the number of people.	10,500		ww_population	ww_population			population size of the catchment area	
iMicroSeq			water catchment area human population measurement value null reason	water_catchment_area_human_population_measurement_value_null_reason	NullValueMenu										To be populated if water catchment area human population measurement value or measurement range not provided. If populated "water catchment area human population range" and "water catchment area human population measurement value" are to be empty									
iMicroSeq	Environmental conditions and measurements	GENEPIO:0100774	water catchment area human population range	water_catchment_area_human_population_range	WaterCatchmentAreaHumanPopulationRangeMenu	NullValueMenu									The human population range of the water catchment that contributes effluent to a wastewater site.	Where catchment population is not well known, provide an estimation of population size by selecting a value from the picklist.	1,000 - 10,000 people							
iMicroSeq	Environmental conditions and measurements	GENEPIO:0100780	presampling weather conditions	presampling_weather_conditions	WeatherConditionsMenu	NullValueMenu		TRUE		TRUE					Weather conditions prior to collection that may affect the sample.	Provide the weather conditions prior to sample collection by selecting a value from the picklist.	Drizzle [ENVO:03501420]							
iMicroSeq	Environmental conditions and measurements	GENEPIO:0100779	sampling weather conditions	sampling_weather_conditions	WeatherConditionsMenu	NullValueMenu		TRUE		TRUE					The state of the atmosphere at a place and time as regards heat, dryness, sunshine, wind, rain, etc.	Provide the weather conditions at the time of sample collection by selecting a value from the picklist.	Rain [ENVO:01001564]							
iMicroSeq	Environmental conditions and measurements	GENEPIO:0100911	precipitation measurement value	precipitation_measurement_value	WhitespaceMinimizedString	NullValueMenu				TRUE					The amount of water which has fallen during a precipitation process.	Provide the quantity of precipitation in the area leading up to the time of sample collection.	12							
iMicroSeq	Environmental conditions and measurements	GENEPIO:0100912	precipitation measurement unit	precipitation_measurement_unit	PrecipitationMeasurementUnitMenu	NullValueMenu				TRUE					The units of measurement for the amount of water which has fallen during a precipitation process.	Provide the units of precipitation by selecting a value from the pick list.	inch							
iMicroSeq	Environmental conditions and measurements	GENEPIO:0100440	water depth value	water_depth_value	WhitespaceMinimizedString	NullValueMenu									The depth of some water from which the sample was collected.	Provide the numerical depth only of water only (without units).	5							
iMicroSeq	Environmental conditions and measurements	GENEPIO:0101025	water depth units	water_depth_units	DepthUnitsMenu	NullValueMenu									The units of measurement for water depth.	Provide the units of measurement for which the depth was recorded by selecting a value from the picklist.	meter (m) [UO:0000008]							
iMicroSeq	Environmental conditions and measurements	GENEPIO:0100697	sediment depth value	sediment_depth_value	WhitespaceMinimizedString	NullValueMenu									The depth of some sediment from which the sample was collected.	Provide the numerical depth only of the sediment (without units).	2							
iMicroSeq	Environmental conditions and measurements	GENEPIO:0101026	sediment depth units	sediment_depth_units	DepthUnitsMenu	NullValueMenu									The units of measurement for sediment depth.	Provide the units of measurement for which the depth was recorded by selecting a value from the picklist.	meter (m) [UO:0000008]							
iMicroSeq	Environmental conditions and measurements	GENEPIO:0001736	pH measurement value	ph_measurement_value	WhitespaceMinimizedString	NullValueMenu									The measured pH value indicating the acidity or basicity(alkalinity) of an aqueous solution.	Provide the numerical value of the measured pH.	7.4		ww_ph	ww_ph		pH		
iMicroSeq	Environmental conditions and measurements	GENEPIO:0100905	total daily flow rate measurement value	total_daily_flow_rate_measurement_value	WhitespaceMinimizedString	NullValueMenu									The numerical value of a measured fluid flow rate over the course of a day.	Provide the numerical value of the measured flow rate.	10		ww_flow	ww_flow				
iMicroSeq	Environmental conditions and measurements	GENEPIO:0100906	total daily flow rate measurement unit	total_daily_flow_rate_measurement_unit	TotalDailyFlowRateMeasurementUnitMenu	NullValueMenu									The units of a measured fluid flow rate over the course of a day.	Provide the units of the measured flow rate by selecting a value from the pick list.	million gallons per day (MGD)		ww_flow	ww_flow				
iMicroSeq	Environmental conditions and measurements	GENEPIO:0100908	instantaneous flow rate measurement value	instantaneous_flow_rate_measurement_value	WhitespaceMinimizedString	NullValueMenu									The numerical value of a measured instantaneous fluid flow rate.	Provide the numerical value of the measured flow rate.	25			instantaneous_flow				
iMicroSeq	Environmental conditions and measurements	GENEPIO:0100909	instantaneous flow rate measurement unit	instantaneous_flow_rate_measurement_unit	InstantaneousFlowRateMeasurementUnitMenu	NullValueMenu									The units of a measured instantaneous fluid flow rate.	Provide the units of the measured flow rate by selecting a value from the pick list.	cubic meter per hour (m^3/h)			instantaneous_flow				
iMicroSeq	Environmental conditions and measurements	GENEPIO:0100783	turbidity measurement value	turbidity_measurement_value	WhitespaceMinimizedString	NullValueMenu				TRUE					The numerical value of a measurement of turbidity.	Provide the numerical value of the measured turbidity.	0.02							
iMicroSeq	Environmental conditions and measurements	GENEPIO:0100914	turbidity measurement unit	turbidity_measurement_unit	TurbidityMeasurementUnitMenu	NullValueMenu				TRUE					The units of a measurement of turbidity.	Provide the units of the measured turbidity by selecting a value from the pick list.	nephelometric turbidity unit (NTU)							
iMicroSeq	Environmental conditions and measurements	GENEPIO:0000034	conductivity measurement value	conductivity_measurement_value	WhitespaceMinimizedString	NullValueMenu									The numerical value of a measurement of conductivity.	Provide the numerical value of the measured conductivity.	1412							
iMicroSeq	Environmental conditions and measurements	GENEPIO:0100803	conductivity measurement unit	conductivity_measurement_unit	ConductivityMeasurementUnit	NullValueMenu									The units of a measurement of conductivity.	Provide the units of the measured conductivity by selecting a value from the pick list.	millisiemens per centimeter [GENEPIO:0001759]							
iMicroSeq	Environmental conditions and measurements	GENEPIO:0100805	salinity measurement value	salinity_measurement_value	WhitespaceMinimizedString	NullValueMenu									The numerical value of a measurement of salinity.	Provide the numerical value of the measured salinity.	35							
iMicroSeq	Environmental conditions and measurements	GENEPIO:0100806	salinity measurement unit	salinity_measurement_unit	SalinityMeasurementUnitMenu	NullValueMenu									The units of a measurement of salinity.	Provide the units of the measured salinity by selecting a value from the pick list.	practical salinity unit (PSU)							
iMicroSeq	Environmental conditions and measurements	GENEPIO:0000035	dissolved oxygen measurement value	dissolved_oxygen_measurement_value	WhitespaceMinimizedString	NullValueMenu									The numerical value of a measurement of dissolved oxygen.	Provide the numerical value of the measured dissolved oxygen.	5							
iMicroSeq	Environmental conditions and measurements	GENEPIO:0100784	dissolved oxygen measurement unit	dissolved_oxygen_measurement_unit	DissolvedOxygenMeasurementUnitMenu	NullValueMenu									The units of a measurement of dissolved oxygen.	Provide the units of the measured dissolved oxygen by selecting a value from the pick list.	part per million (ppm)							
iMicroSeq	Environmental conditions and measurements	GENEPIO:0100791	carbonaceous biochemical oxygen demand (CBOD) measurement value	carbonaceous_biochemical_oxygen_demand_cbod_measurement_value	WhitespaceMinimizedString	NullValueMenu									The numerical value of a measurement of carbonaceous biochemical oxygen demand (CBOD).	Provide the numerical value of the measured CBOD.	20							
iMicroSeq	Environmental conditions and measurements	GENEPIO:0100792	carbonaceous biochemical oxygen demand (CBOD) measurement unit	carbonaceous_biochemical_oxygen_demand_cbod_measurement_unit	CarbonaceousBiochemicalOxygenDemandCbodMeasurementUnitMenu	NullValueMenu									The units of a measurement of carbonaceous biochemical oxygen demand (CBOD).	Provide the units of the measured CBOD by selecting a value from the pick list.	milligram per liter (mg/L)							
iMicroSeq	Environmental conditions and measurements	GENEPIO:0100794	total suspended solids (TSS) measurement value	total_suspended_solids_tss_measurement_value	WhitespaceMinimizedString	NullValueMenu									The numerical value of total suspended solids of a sample.	Provide the numerical value of the measured TSS.	8		ww_total_suspended_solids	ww_total_suspended_solids		suspended solids		
iMicroSeq	Environmental conditions and measurements	GENEPIO:0100795	total suspended solids (TSS) measurement unit	total_suspended_solids_tss_measurement_unit	TotalSuspendedSolidsTssMeasurementUnitMenu	NullValueMenu									The units associated with a value from a total suspended solids (TSS) test.	Provide the units of the measured TSS by selecting a value from the pick list.	percent (%)		ww_total_suspended_solids	ww_total_suspended_solids		suspended solids		
iMicroSeq	Environmental conditions and measurements	GENEPIO:0100814	fecal contamination indicator	fecal_contamination_indicator	FecalContaminationIndicatorMenu	NullValueMenu				TRUE					A gene, virus, bacteria, or substance used to measure the quality of water in regards to fecal contamination.	If a fecal contamination indicator was measured, select it from the picklist.	crAssphage							
iMicroSeq	Environmental conditions and measurements	GENEPIO:0100815	fecal contamination value	fecal_contamination_value	WhitespaceMinimizedString	NullValueMenu				TRUE					The numerical value of a measurement of fecal contamination.	Provide the numerical value of the measured fecal contamination.	10							
iMicroSeq	Environmental conditions and measurements	GENEPIO:0100816	fecal contamination unit	fecal_contamination_unit	FecalContaminationUnitMenu	NullValueMenu				TRUE					The units of a measurement of fecal contamination.	Provide the units of the measured fecal contamination by selecting a value from the picklist.	PCR quantification cycle (Ct value) [UO:0010077]							
iMicroSeq	Host information	GENEPIO:0001386	host (common name)	host_common_name	HostCommonNameMenu	NullValueMenu				TRUE					The commonly used name of the host.	If the sample is directly from a host, either a common or scientific name must be provided (although both can be included) by selecting a value from the picklist. If known, provide the common name.	Chinook salmon [NCBITaxon:74940]		host					
iMicroSeq	Host information	GENEPIO:0001387	host (scientific name)	host_scientific_name	HostScientificNameMenu	NullValueMenu				TRUE					The taxonomic, or scientific name of the host.	If the sample is directly from a host, either a common or scientific name must be provided (although both can be included), by selecting a value from the picklist. If known, select the scientific name from the picklist provided.	Homo sapiens [NCBITaxon:9606]	host	isolation_source;host					
iMicroSeq	Host Information	GENEPIO:0001392	host age	host_age	decimal					TRUE	0	130			Age of host at the time of sampling.	If known, provide the age of the host. Age-binning is also acceptable. 	79		host_age			hostAge	Patient age	
iMicroSeq			host age null reason	host_age_null_reason	NullValueMenu										To be populated if host age is not provided. If populated "Host age","Host Unit", and "Host age bin" are to be empty									
iMicroSeq	Host Information	GENEPIO:0001393	host age unit	host_age_unit	HostAgeUnitInternationalMenu	NullValueMenu				TRUE					The units used to measure the host's age.	If known, provide the age units used to measure the host's age from the pick list. 	year [UO:0000036] 		host_age					
iMicroSeq	Host information	GENEPIO:0001394	host age bin	host_age_bin	HostAgeBinMenu	NullValueMenu				TRUE					Age of host at the time of sampling, expressed as an age group.	Select the corresponding host age bin from the pick list provided in the template. If not available, provide a null value or leave blank. NOTE: Age bins for animals may differ from those used for humans.	First winter [GENEPIO:0100684]		host_age					
iMicroSeq	Strain and isolation information	GENEPIO:0100456	isolate ID	isolate_id	WhitespaceMinimizedString	NullValueMenu				TRUE					The user-defined identifier for the isolate, as provided by the laboratory that originally isolated the isolate.	Provide the isolate_ID created by the lab that first isolated the isolate (i.e. the original isolate ID). If the information is unknown or cannot be provided, leave blank or provide a null value. If only an alternate isolate ID is known (e.g. the ID from your lab, if your lab did not isolate the isolate from the original sample), make asure to include it in the alternative_isolate_ID field.	SA20131043							
iMicroSeq	Strain and isolation information	GENEPIO:0100454	microbiological method	microbiological_method	WhitespaceMinimizedString	NullValueMenu				TRUE					The laboratory method used to grow, prepare, and/or isolate the microbial isolate.	Provide the name and version number of the microbiological method. The ID of the method is also acceptable if the ID can be linked to the laboratory that created the procedure.	MFHPB-30							
iMicroSeq	Strain and isolation information	GENEPIO:0100455	strain ID	strain_id	WhitespaceMinimizedString	NullValueMenu									The strain identifier.	If the isolate represents or is derived from, a lab reference strain or strain from a type culture collection, provide the strain identifier.	K12	Virus name						
iMicroSeq	Strain and isolation information	GENEPIO:0100461	isolated by organisation name	isolated_by_organisation_name	WhitespaceMinimizedString	NullValueMenu									The name of the agency, organization or institution with which the individual who performed the isolation procedure is affiliated.	Provide the name of the agency, organization or institution that isolated the original isolate in full (avoid abbreviations). If the information is unknown or cannot be provided, leave blank or provide a null value.	Public Health Agency of Canada (PHAC) [GENEPIO:0100551]							
iMicroSeq	Sequence information	GENEPIO:0001445	purpose of sequencing	purpose_of_sequencing	PurposeOfSequencingMenu	NullValueMenu		TRUE	TRUE						The reason that the sample was sequenced.	The reason why a sample was originally collected may differ from the reason why it was selected for sequencing. The reason a sample was sequenced may provide information about potential biases in sequencing strategy. Provide the purpose of sequencing from the picklist in the template. The reason for sample collection should be indicated in the "purpose of sampling" field.	Domestic travel surveillance [GENEPIO:0100013]		purpose_of_ww_sequencing	purpose_of_ww_sequencing				purpose of sequencing
iMicroSeq	Sequence information	OBI:0000070	assay type	assay_type	AssayTypeMenu	NullValueMenu				TRUE					The experimental process that was used in to quantify, amplify or identify the sequence of a biomaterial.	Provide the name of the sequencing technology used in your study, or alternatively PCR assay, by selecting a value from the picklist. If unsure refer to the protocol documentation, or provide a null value.	Amplicon sequencing assay [OBI:0002767]				library_strategy;library_source		investigation type	
iMicroSeq	Sequence information	GENEPIO:0001447	sequencing date	sequencing_date	date					TRUE	{sample_collection_start_date}	{today}			The date the sample was sequenced.	ISO 8601 standard "YYYY-MM-DD".	2020-06-22							
iMicroSeq			sequencing date null reason	sequencing_date_null_reason	string	NullValueMenu									To be populated if sequencing date is not provided. If populated "sequencing date" should be empty									
iMicroSeq	Sequence information	GENEPIO:0100416	sequenced by organisation name	sequenced_by_organisation_name	WhitespaceMinimizedString	NullValueMenu			TRUE						The name of the agency, organization or institution responsible for sequencing the isolate's genome.	Provide the name of the agency, organization or institution that performed the sequencing in full (avoid abbreviations). If the information is unknown or cannot be provided, leave blank or provide a null value.	Public Health Agency of Canada (PHAC) [GENEPIO:0100551]		sequenced_by	sequenced_by				
iMicroSeq	Sequence information	GENEPIO:0100471	sequenced by contact email	sequenced_by_contact_email	WhitespaceMinimizedString	NullValueMenu			TRUE				^\S+@\S+\.\S+$		The email address of the contact responsible for follow-up regarding the sequence.	Provide the email associated with the listed contact. As personnel turnover may render an individual's email obsolete, it is more prefereable to provide an address for a position or lab, to ensure accuracy of information and institutional memory. If the information is unknown or cannot be provided, leave blank or provide a null value.	abcsmith@lab.ca							
iMicroSeq	Sequence information	GENEPIO:0001159	sequence submitted by	sequence_submitted_by	WhitespaceMinimizedString	NullValueMenu				TRUE					The name of the agency that submitted the sequence to a database.	The name of the agency should be written out in full, (with minor exceptions) and be consistent across multiple submissions. For Canadian institutions submitting specimens rather than sequencing data, please put the "National Microbiology Laboratory (NML)".	Public Health Ontario (PHO)							
iMicroSeq	Sequence information	GENEPIO:0001454	sequencing protocol	sequencing_protocol	WhitespaceMinimizedString	NullValueMenu				TRUE					The protocol or method used for sequencing.	Provide the name and version of the procedure or protocol used for sequencing. You can also provide a link to a protocol online.	https://www.protocols.io/view/ncov-2019-sequencing-protocol-bbmuik6w?version_warning=no				design_description	sequencing method		sequencing protocol 
iMicroSeq	Sequence information	GENEPIO:0001452	sequencing instrument	sequencing_instrument	SequencingInstrumentMenu	NullValueMenu		TRUE	TRUE						The model of the sequencing instrument used.	Provide the model sequencing instrument by selecting a value from the template pick list. If the information is unknown or cannot be provided, leave blank or provide a null value.	Illumina HiSeq 2500 [GENEPIO:0100117]	Sequencing technology			instrument_model	sequencing method		sequencing instrument
iMicroSeq	Sequence information	GENEPIO:0001448	library ID	library_id	WhitespaceMinimizedString	NullValueMenu									The user-specified identifier for the library prepared for sequencing.	The library name should be unique, and can be an autogenerated ID from your LIMS, or modification of the isolate ID.	XYZ_123345							
iMicroSeq	Sequence information	GENEPIO:0001450	library preparation kit	library_preparation_kit	WhitespaceMinimizedString	NullValueMenu									The name of the DNA library preparation kit used to generate the library being sequenced.	Provide the name of the library preparation kit used. 	Nextera XT					nucleic acid amplification		
iMicroSeq	Sequence information	GENEPIO:0100966	genomic target enrichment method	genomic_target_enrichment_method	GenomicTargetEnrichmentMethodMenu	NullValueMenu		TRUE		TRUE					The molecular technique used to selectively capture and amplify specific regions of interest from a genome.	Provide the name of the enrichment method by selecting a value from the picklist.	Hybridization capture [GENEPIO:0001950]			concentration_method	library_selection;design_description	library screening strategy		
iMicroSeq	Sequence information	GENEPIO:0100967	genomic target enrichment method details	genomic_target_enrichment_method_details	WhitespaceMinimizedString	NullValueMenu									Details that provide additional context to the molecular technique used to selectively capture and amplify specific regions of interest from a genome.	Provide details that are applicable to the method you used.	Enrichment was performed using Illumina Target Enrichment methodology using the Illumina DNA Prep with Enrichment kit.			concentration_method				
iMicroSeq	Sequence information	GENEPIO:0001456	amplicon pcr primer scheme name	amplicon_pcr_primer_scheme_name	WhitespaceMinimizedString	NullValueMenu				TRUE					The specification name of the primers (primer sequences, binding positions, fragment size generated etc) used to generate the amplicons to be sequenced.	Provide the name and version of the primer scheme used to generate the amplicons for sequencing.	artic v1					nucleic acid amplification		
iMicroSeq	Sequence information	GENEPIO:0102068	amplicon pcr primer scheme url	amplicon_pcr_primer_scheme_url	WhitespaceMinimizedString	NullValueMenu									A URL linking to detailed information or documentation about the amplicon PCR primer scheme, including specifications such as primer sequences, binding positions, and fragment sizes. This URL should direct users to a source that provides the necessary details to reproduce or understand the primer scheme used in the dataset.	Provide the url of the primer scheme used to generate the amplicons for sequencing.	https://github.com/artic-network/primer-schemes/tree/master/nCoV-2019/V1 					nucleic acid amplification		
iMicroSeq	Sequence information	GENEPIO:0001449	amplicon size	amplicon_size	integer										The length of the amplicon generated by PCR amplification.	Provide the amplicon size expressed in base pairs.	300							
iMicroSeq			amplicon size null reason	amplicon_size_null_reason	NullValueMenu																			
iMicroSeq	Bioinformatics and QC metrics	GENEPIO:0001458	raw sequence data processing method	raw_sequence_data_processing_method	WhitespaceMinimizedString	NullValueMenu				TRUE					The method used for raw data processing such as removing barcodes, adapter trimming, filtering etc.	Provide the software name followed by the version or a link to the github protocol e.g. Trimmomatic v. 0.38, Porechop v. 0.2.3	Porechop 0.2.3							raw sequence data processing method
iMicroSeq	Bioinformatics and QC metrics	GENEPIO:0001459	dehosting method	dehosting_method	WhitespaceMinimizedString	NullValueMenu				TRUE					The method used to remove host reads from the pathogen sequence.	Provide the name and version number of the software used to remove host reads.	Nanostripper							dehosting method
iMicroSeq	Bioinformatics and QC metrics	GENEPIO:0101715	genome sequence file name	genome_sequence_file_name	WhitespaceMinimizedString	NullValueMenu									The name of the consensus sequence file.	Provide the name and version number, with the file extension, of the processed genome sequence file e.g. a consensus sequence FASTA file or a genome assembly file.	mpxvassembly.fasta							
iMicroSeq	Bioinformatics and QC metrics	GENEPIO:0100825	sequence assembly software name	sequence_assembly_software_name	WhitespaceMinimizedString	NullValueMenu									The name of the software used to assemble a sequence.	Provide the name of the software used to assemble the sequence.	SPAdes Genome Assembler, Canu, wtdbg2, velvet							
iMicroSeq	Bioinformatics and QC metrics	GENEPIO:0100826	sequence assembly software version	sequence_assembly_software_version	WhitespaceMinimizedString	NullValueMenu									The version of the software used to assemble a sequence.	Provide the version of the software used to assemble the sequence.	3.15.5							
iMicroSeq	Bioinformatics and QC metrics	GENEPIO:0001463	consensus sequence software name	consensus_sequence_software_name	WhitespaceMinimizedString	NullValueMenu									The name of the software used to generate the consensus sequence.	Provide the name of the software used to generate the consensus sequence.	iVar	Assembly method						consensus sequence software name
iMicroSeq	Bioinformatics and QC metrics	GENEPIO:0001469	consensus sequence software version	consensus_sequence_software_version	WhitespaceMinimizedString	NullValueMenu									The version of the software used to generate the consensus sequence.	Provide the version of the software used to generate the consensus sequence.	1.3							consensus sequence software version
iMicroSeq	Bioinformatics and QC metrics	GENEPIO:0001472	breadth of coverage value	breadth_of_coverage_value	WhitespaceMinimizedString	NullValueMenu									The percentage of the reference genome covered by the sequenced data, to a prescribed depth.	Provide value as a percent.	95							breadth of coverage value
iMicroSeq	Bioinformatics and QC metrics	GENEPIO:0001474	depth of coverage value	depth_of_coverage_value	WhitespaceMinimizedString	NullValueMenu									The average number of reads representing a given nucleotide in the reconstructed sequence.	Provide value as a fold of coverage.	400	Coverage						depth of coverage value
iMicroSeq	Bioinformatics and QC metrics	GENEPIO:0100844	genome completeness	genome_completeness	WhitespaceMinimizedString	NullValueMenu									The percentage of expected genes identified in the genome being sequenced. Missing genes indicate missing genomic regions (incompleteness) in the data.	Provide the genome completeness as a percent (no need to include units).	85							
iMicroSeq	Bioinformatics and QC metrics	GENEPIO:0001485	reference genome accession	reference_genome_accession	WhitespaceMinimizedString	NullValueMenu									A persistent, unique identifier of a genome database entry.	Provide the accession number of the reference genome.	NC_045512.2				assembly			reference genome accession
iMicroSeq	Bioinformatics and QC metrics	GENEPIO:0001489	bioinformatics protocol url	bioinformatics_protocol_url	WhitespaceMinimizedString	NullValueMenu									A description of the overall bioinformatics strategy used.	Further details regarding the methods used to process raw data, and/or generate assemblies, and/or generate consensus sequences can. This information can be provided in an SOP or protocol or pipeline/workflow. Provide the name and version number of the protocol, or a GitHub link to a pipeline or workflow.	https://github.com/phac-nml/ncov2019-artic-nf							bioinformatics protocol
iMicroSeq	Bioinformatics and QC metrics	GENEPIO:0100557	quality control method name	quality_control_method_name	WhitespaceMinimizedString	NullValueMenu									The name of the method used to assess whether a sequence passed a predetermined quality control threshold.	Providing the name of the method used for quality control is very important for interpreting the rest of the QC information. Method names can be provided as the name of a pipeline or a link to a GitHub repository. Multiple methods should be listed and separated by a semi-colon. Do not include QC tags in other fields if no method name is provided.	ncov-tools							
iMicroSeq	Bioinformatics and QC metrics	GENEPIO:0100558	quality control method version	quality_control_method_version	WhitespaceMinimizedString	NullValueMenu									The version number of the method used to assess whether a sequence passed a predetermined quality control threshold.	Methods updates can make big differences to their outputs. Provide the version of the method used for quality control. The version can be expressed using whatever convention the developer implements (e.g. date, semantic versioning). If multiple methods were used, record the version numbers in the same order as the method names. Separate the version numbers using a semi-colon.	1.2.3							
iMicroSeq	Bioinformatics and QC metrics	GENEPIO:0100559	quality control determination	quality_control_determination	QualityControlDeterminationMenu	NullValueMenu		TRUE							The determination of a quality control assessment.	Select a value from the pick list provided. If a desired value is missing, submit a new term request to the PHA4GE QC Tag GitHub issuetracker using the New Term Request form.	Sequence passed quality control [GENEPIO:0100563]							
iMicroSeq	Bioinformatics and QC metrics	GENEPIO:0100560	quality control issues	quality_control_issues	QualityControlIssuesMenu	NullValueMenu		TRUE							The reason contributing to, or causing, a low quality determination in a quality control assessment.	Select a value from the pick list provided. If a desired value is missing, submit a new term request to the PHA4GE QC Tag GitHub issuetracker using the New Term Request form.	Low average genome coverage [GENEPIO:0100570]							
iMicroSeq	Bioinformatics and QC metrics	GENEPIO:0100561	quality control details	quality_control_details	WhitespaceMinimizedString	NullValueMenu									The details surrounding a low quality determination in a quality control assessment.	Provide notes or details regarding QC results using free text.	CT value of 39. Low viral load. Low DNA concentration after amplification.							
iMicroSeq	Taxonomic identification information	GENEPIO:0100832	read mapping software name	read_mapping_software_name	WhitespaceMinimizedString	NullValueMenu				TRUE					The name of the software used to map sequence reads to a reference genome or set of reference genes.	Provide the name of the read mapping software.	Bowtie2, BWA-MEM, TopHat					taxonomic classification		
iMicroSeq	Taxonomic identification information	GENEPIO:0100833	read mapping software version	read_mapping_software_version	WhitespaceMinimizedString	NullValueMenu				TRUE					The version of the software used to map sequence reads to a reference genome or set of reference genes.	Provide the version number of the read mapping software.	2.5.1					taxonomic classification		
iMicroSeq	Taxonomic identification information	GENEPIO:0100834	taxonomic reference database name	taxonomic_reference_database_name	WhitespaceMinimizedString	NullValueMenu				TRUE					The name of the taxonomic reference database used to identify the organism.	Provide the name of the taxonomic reference database.	NCBITaxon					taxonomic classification		
iMicroSeq	Taxonomic identification information	GENEPIO:0100835	taxonomic reference database version	taxonomic_reference_database_version	WhitespaceMinimizedString	NullValueMenu				TRUE					The version of the taxonomic reference database used to identify the organism.	Provide the version number of the taxonomic reference database.	1.3					taxonomic classification		
iMicroSeq	Lineage/clade information	GENEPIO:0102174	viral type	viral_type	WhitespaceMinimizedString	NullValueMenu				TRUE					Type designation of the virus at the species/serotype/genogroup level (scheme-dependent).	Provide the type designation. Use when the scheme defines a “type”.	Norovirus GII							
iMicroSeq	Lineage/clade information	GENEPIO:0102175	viral subtype	viral_subtype	WhitespaceMinimizedString	NullValueMenu				TRUE					The designation of the subtype of a virus (scheme-dependent)	Provide the subtype designation.	H5N1							
iMicroSeq	Lineage/clade information	GENEPIO:0102176	viral lineage	viral_lineage	WhitespaceMinimizedString	NullValueMenu									The phylogenetic lineage label assigned to the virus.	Provide the lineage using the appropriate classification scheme. 	BA.2.86							
iMicroSeq	Lineage/clade information	GENEPIO:0102177	viral clade	viral_clade	WhitespaceMinimizedString	NullValueMenu									The phylogenetic clade label assigned to the virus.	Provide the clade using the appropriate classification scheme. WHO/OIE/FAO H5 clade nomenclature, should be included here. Multiple entries should be captured if more than one system applies.	H5 clade: 2.3.4.4b							
iMicroSeq	Lineage/clade information	GENEPIO:0102178	viral classification scheme	viral_classification_scheme	WhitespaceMinimizedString	NullValueMenu									The name of the scheme used to define the viral type/subtype/lineage	Include all schemas used to classify the type.	Pango							
iMicroSeq	Lineage/clade information	GENEPIO:0001501	lineage/clade analysis software name	lineage_clade_analysis_software_name	WhitespaceMinimizedString	NullValueMenu									The name of the software used to determine the lineage/clade.	Provide the name of the software used to determine the lineage/clade.	Freyja							
iMicroSeq	Lineage/clade information	GENEPIO:0001502	lineage/clade analysis software version	lineage_clade_analysis_software_version	WhitespaceMinimizedString	NullValueMenu									The version of the software used to determine the lineage/clade.	Provide the version of the software used ot determine the lineage/clade.	1.5.0							
iMicroSeq	Pathogen diagnostic testing	GENEPIO:0102049	target taxonomic name 1	target_taxonomic_name_1	WhitespaceMinimizedString	NullValueMenu									The scientific name of the organism or taxon that is the focus of the study, assay, or diagnostic test.	The target taxonomic name refers to the specific species, genus, or other taxonomic classification that the assay or diagnostic test is designed to identify, detect, or characterize. This may include the full binomial name (Genus species) or a higher taxonomic rank (e.g., genus, family) when species-level identification is not applicable. Avoid abbreviations. Search for taxonomic names here: ncbi.nlm.nih.gov/taxonomy.	Respiratory syncytial virus		ww_surv_target_1	ww_surv_target_1		surveillance target 		
iMicroSeq	Pathogen diagnostic testing	GENEPIO:0102052	assay target name 1	assay_target_name_1	WhitespaceMinimizedString	NullValueMenu									The name of the assay target used in the diagnostic RT-PCR test.	The specific genomic region, sequence, or variant targeted by the assay in a diagnostic RT-PCR test. This may include parts of a gene, non-coding regions, or other genetic elements that serve as a marker for detecting the presence of a pathogen or other relevant entities.	G2R (Li et al., 2010) assays (includes G2R_WA, C3L, and G2R_G).					target subfragment 		
iMicroSeq	Pathogen diagnostic testing	GENEPIO:0102041	gene symbol 1	gene_symbol_1	WhitespaceMinimizedString	NullValueMenu									The symbol of the gene used in the diagnostic RT-PCR test.	Provide the full name of the gene used in the test. Standardized gene names can be found in the Gene Ontology using this look-up service: https://bit.ly/2Sq1LbI	gyrA		ww_surv_target_1_gene	ww_surv_target_1_gene				
iMicroSeq	Pathogen diagnostic testing	GENEPIO:0100962	diagnostic target presence 1	diagnostic_target_presence_1	DiagnosticTargetPresenceMenu	NullValueMenu									The binary value of the result from a diagnostic test.	Select a value from the pick list provided, to describe whether a target was determined to be present or absent within a sample.	diagnostic target present		ww_surv_target_1_known_present	ww_surv_target_1_known_present				
iMicroSeq	Pathogen diagnostic testing	GENEPIO:0100963	diagnostic measurement value 1	diagnostic_measurement_value_1	WhitespaceMinimizedString	NullValueMenu									The value of the result from a diagnostic test. 	Provide the numerical result of a diagnostic test (no need to include units). This includes pcr Ct values.	1000		ww_surv_target_1_conc	ww_surv_target_1_conc				
iMicroSeq	Pathogen diagnostic testing	GENEPIO:0100964	diagnostic measurement unit 1	diagnostic_measurement_unit_1	DiagnosticMeasurementUnitMenu	NullValueMenu									The unit of the result from a diagnostic test.	Select a value from the pick list provided, to describe the units of the given diagnostic test.	PCR quantification cycle (Ct value) [UO:0010077]		ww_surv_target_1_conc_unit	ww_surv_target_1_conc_unit				
iMicroSeq	Pathogen diagnostic testing	GENEPIO:0100965	diagnostic measurement method 1	diagnostic_measurement_method_1	DiagnosticMeasurementMethodMenu	NullValueMenu									The method by which a diagnostic result was determined.	Select a value from the pick list provided to describe the method used for a given diagnostic test. Use this to capture the type of PCR method used in quantifying the pathogen.	qPCR		ww_surv_target_1_protocol	ww_surv_target_1_protocol				
iMicroSeq	Pathogen diagnostic testing	GENEPIO:0102050	target taxonomic name 2	target_taxonomic_name_2	WhitespaceMinimizedString	NullValueMenu									The scientific name of the organism or taxon that is the focus of the study, assay, or diagnostic test.	The target taxonomic name refers to the specific species, genus, or other taxonomic classification that the assay or diagnostic test is designed to identify, detect, or characterize. This may include the full binomial name (Genus species) or a higher taxonomic rank (e.g., genus, family) when species-level identification is not applicable. Avoid abbreviations. Search for taxonomic names here: ncbi.nlm.nih.gov/taxonomy.	Respiratory syncytial virus		ww_surv_target_2	ww_surv_target_2				
iMicroSeq	Pathogen diagnostic testing	GENEPIO:0102038	assay target name 2	assay_target_name_2	WhitespaceMinimizedString	NullValueMenu									The name of the assay target used in the diagnostic RT-PCR test.	The specific genomic region, sequence, or variant targeted by the assay in a diagnostic RT-PCR test. This may include parts of a gene, non-coding regions, or other genetic elements that serve as a marker for detecting the presence of a pathogen or other relevant entities.	G2R (Li et al., 2010) assays (includes G2R_WA, C3L, and G2R_G).							
iMicroSeq	Pathogen diagnostic testing	GENEPIO:0102042	gene symbol 2	gene_symbol_2	WhitespaceMinimizedString	NullValueMenu									The symbol of the gene used in the diagnostic RT-PCR test.	Provide the full name of the gene used in the test. Standardized gene names can be found in the Gene Ontology using this look-up service: https://bit.ly/2Sq1LbI	gyrase A		ww_surv_target_2_gene	ww_surv_target_2_gene				
iMicroSeq	Pathogen diagnostic testing	GENEPIO:0100962	diagnostic target presence 2	diagnostic_target_presence_2	DiagnosticTargetPresenceMenu	NullValueMenu									The binary value of the result from a diagnostic test.	Select a value from the pick list provided, to describe whether a target was determined to be present or absent within a sample.	diagnostic target present		ww_surv_target_2_known_present	ww_surv_target_2_known_present				
iMicroSeq	Pathogen diagnostic testing	GENEPIO:0100963	diagnostic measurement value 2	diagnostic_measurement_value_2	WhitespaceMinimizedString	NullValueMenu									The value of the result from a diagnostic test.	Provide the numerical result of a diagnostic test (no need to include units).	1000		ww_surv_target_2_conc	ww_surv_target_2_conc				
iMicroSeq	Pathogen diagnostic testing	GENEPIO:0100964	diagnostic measurement unit 2	diagnostic_measurement_unit_2	DiagnosticMeasurementUnitMenu	NullValueMenu									The unit of the result from a diagnostic test.	Select a value from the pick list provided, to describe the units of the given diagnostic test.	cycle threshold (Ct) 		ww_surv_target_2_conc_unit	ww_surv_target_2_conc_unit				
iMicroSeq	Pathogen diagnostic testing	GENEPIO:0100965	diagnostic measurement method 2	diagnostic_measurement_method_2	DiagnosticMeasurementMethodMenu	NullValueMenu									The method by which a diagnostic result was determined.	Select a value from the pick list provided to describe the method used for a given diagnostic test. Use this to capture the type of PCR method used in quantifying the pathogen.	qPCR							
iMicroSeq	Pathogen diagnostic testing	GENEPIO:0102051	target taxonomic name 3	target_taxonomic_name_3	WhitespaceMinimizedString	NullValueMenu									The scientific name of the organism or taxon that is the focus of the study, assay, or diagnostic test.	The target taxonomic name refers to the specific species, genus, or other taxonomic classification that the assay or diagnostic test is designed to identify, detect, or characterize. This may include the full binomial name (Genus species) or a higher taxonomic rank (e.g., genus, family) when species-level identification is not applicable. Avoid abbreviations. Search for taxonomic names here: ncbi.nlm.nih.gov/taxonomy.	Respiratory syncytial virus							
iMicroSeq	Pathogen diagnostic testing	GENEPIO:0102039	assay target name 3	assay_target_name_3	WhitespaceMinimizedString	NullValueMenu									The name of the assay target used in the diagnostic RT-PCR test.	The specific genomic region, sequence, or variant targeted by the assay in a diagnostic RT-PCR test. This may include parts of a gene, non-coding regions, or other genetic elements that serve as a marker for detecting the presence of a pathogen or other relevant entities.	G2R (Li et al., 2010) assays (includes G2R_WA, C3L, and G2R_G).							
iMicroSeq	Pathogen diagnostic testing	GENEPIO:0102043	gene symbol 3	gene_symbol_3	WhitespaceMinimizedString	NullValueMenu									The symbol of the gene used in the diagnostic RT-PCR test.	Provide the full name of the gene used in the test. Standardized gene names can be found in the Gene Ontology using this look-up service: https://bit.ly/2Sq1LbI	gyrase A							
iMicroSeq	Pathogen diagnostic testing	GENEPIO:0100962	diagnostic target presence 3	diagnostic_target_presence_3	DiagnosticTargetPresenceMenu	NullValueMenu									The binary value of the result from a diagnostic test.	Select a value from the pick list provided, to describe whether a target was determined to be present or absent within a sample.	diagnostic target present							
iMicroSeq	Pathogen diagnostic testing	GENEPIO:0100963	diagnostic measurement value 3	diagnostic_measurement_value_3	WhitespaceMinimizedString	NullValueMenu									The value of the result from a diagnostic test.	Provide the numerical result of a diagnostic test (no need to include units).	1000							
iMicroSeq	Pathogen diagnostic testing	GENEPIO:0100964	diagnostic measurement unit 3	diagnostic_measurement_unit_3	DiagnosticMeasurementUnitMenu	NullValueMenu									The unit of the result from a diagnostic test.	Select a value from the pick list provided, to describe the units of the given diagnostic test.	cycle threshold (Ct) 							
iMicroSeq	Pathogen diagnostic testing	GENEPIO:0100965	diagnostic measurement method 3	diagnostic_measurement_method_3	DiagnosticMeasurementMethodMenu	NullValueMenu									The method by which a diagnostic result was determined.	Select a value from the pick list provided to describe the method used for a given diagnostic test. Use this to capture the type of PCR method used in quantifying the pathogen.	qPCR							
iMicroSeq	Contributor acknowledgement	GENEPIO:0001517	authors	authors	WhitespaceMinimizedString	NullValueMenu				TRUE					Names of individuals contributing to the processes of sample collection, sequence generation, analysis, and data submission.	Include the first and last names of all individuals that should be attributed, separated by a semicolon.	Tejinder Singh; Fei Hu; Joe Blogs	Authors						
iMicroSeq	Contributor acknowledgement	GENEPIO:0102208	citation URL																					